Datum,Lat,Long,Ort,Durchschnitt
2019-04-02,41.3853,2.1538,Eixample,1.833
2019-04-03,41.3853,2.1538,Eixample,1.250
2019-04-04,41.3853,2.1538,Eixample,1.500
2019-04-05,41.3853,2.1538,Eixample,1.500
2019-04-06,41.3853,2.1538,Eixample,1.083
2019-04-07,41.3853,2.1538,Eixample,1.042
2019-04-08,41.3853,2.1538,Eixample,1.905
2019-04-09,41.3853,2.1538,Eixample,2.750
2019-04-10,41.3853,2.1538,Eixample,2.417
2019-04-11,41.3853,2.1538,Eixample,3.625
2019-04-12,41.3853,2.1538,Eixample,4.125
2019-04-13,41.3853,2.1538,Eixample,3.333
2019-04-14,41.3853,2.1538,Eixample,2.250
2019-04-15,41.3853,2.1538,Eixample,3.000
2019-04-16,41.3853,2.1538,Eixample,2.875
2019-04-17,41.3853,2.1538,Eixample,2.958
2019-04-18,41.3853,2.1538,Eixample,2.000
2019-04-19,41.3853,2.1538,Eixample,1.500
2019-04-20,41.3853,2.1538,Eixample,2.042
2019-04-21,41.3853,2.1538,Eixample,1.625
2019-04-22,41.3853,2.1538,Eixample,1.750
2019-04-23,41.3853,2.1538,Eixample,1.650
2019-04-24,41.3853,2.1538,Eixample,1.167
2019-04-25,41.3853,2.1538,Eixample,1.083
2019-04-26,41.3853,2.1538,Eixample,1.042
2019-04-27,41.3853,2.1538,Eixample,2.417
2019-04-28,41.3853,2.1538,Eixample,1.000
2019-04-29,41.3853,2.1538,Eixample,1.500
2019-04-30,41.3853,2.1538,Eixample,1.125
2019-04-02,41.3987,2.1534,Gràcia,1.875
2019-04-03,41.3987,2.1534,Gràcia,1.083
2019-04-04,41.3987,2.1534,Gràcia,1.250
2019-04-05,41.3987,2.1534,Gràcia,1.208
2019-04-06,41.3987,2.1534,Gràcia,1.000
2019-04-07,41.3987,2.1534,Gràcia,1.000
2019-04-08,41.3987,2.1534,Gràcia,1.375
2019-04-09,41.3987,2.1534,Gràcia,1.125
2019-04-10,41.3987,2.1534,Gràcia,1.217
2019-04-11,41.3987,2.1534,Gràcia,1.125
2019-04-12,41.3987,2.1534,Gràcia,1.958
2019-04-13,41.3987,2.1534,Gràcia,1.875
2019-04-14,41.3987,2.1534,Gràcia,1.000
2019-04-15,41.3987,2.1534,Gràcia,1.042
2019-04-16,41.3987,2.1534,Gràcia,1.000
2019-04-17,41.3987,2.1534,Gràcia,1.042
2019-04-18,41.3987,2.1534,Gràcia,1.042
2019-04-19,41.3987,2.1534,Gràcia,1.083
2019-04-20,41.3987,2.1534,Gràcia,1.208
2019-04-21,41.3987,2.1534,Gràcia,1.167
2019-04-22,41.3987,2.1534,Gràcia,1.083
2019-04-23,41.3987,2.1534,Gràcia,1.000
2019-04-24,41.3987,2.1534,Gràcia,1.167
2019-04-25,41.3987,2.1534,Gràcia,3.739
2019-04-26,41.3987,2.1534,Gràcia,1.000
2019-04-27,41.3987,2.1534,Gràcia,2.125
2019-04-28,41.3987,2.1534,Gràcia,1.000
2019-04-29,41.3987,2.1534,Gràcia,1.208
2019-04-30,41.3987,2.1534,Gràcia,1.000
2019-04-02,41.4261,2.148,Vall Hebron,1.833
2019-04-03,41.4261,2.148,Vall Hebron,1.000
2019-04-04,41.4261,2.148,Vall Hebron,1.250
2019-04-05,41.4261,2.148,Vall Hebron,1.042
2019-04-06,41.4261,2.148,Vall Hebron,1.083
2019-04-07,41.4261,2.148,Vall Hebron,1.042
2019-04-08,41.4261,2.148,Vall Hebron,1.000
2019-04-09,41.4261,2.148,Vall Hebron,1.000
2019-04-10,41.4261,2.148,Vall Hebron,1.083
2019-04-11,41.4261,2.148,Vall Hebron,1.125
2019-04-12,41.4261,2.148,Vall Hebron,1.833
2019-04-13,41.4261,2.148,Vall Hebron,1.875
2019-04-14,41.4261,2.148,Vall Hebron,1.500
2019-04-15,41.4261,2.148,Vall Hebron,1.000
2019-04-16,41.4261,2.148,Vall Hebron,1.083
2019-04-17,41.4261,2.148,Vall Hebron,1.000
2019-04-18,41.4261,2.148,Vall Hebron,1.000
2019-04-19,41.4261,2.148,Vall Hebron,1.000
2019-04-20,41.4261,2.148,Vall Hebron,1.125
2019-04-21,41.4261,2.148,Vall Hebron,1.125
2019-04-22,41.4261,2.148,Vall Hebron,1.167
2019-04-23,41.4261,2.148,Vall Hebron,1.000
2019-04-24,41.4261,2.148,Vall Hebron,1.000
2019-04-25,41.4261,2.148,Vall Hebron,1.000
2019-04-26,41.4261,2.148,Vall Hebron,1.000
2019-04-27,41.4261,2.148,Vall Hebron,1.667
2019-04-28,41.4261,2.148,Vall Hebron,1.000
2019-04-29,41.4261,2.148,Vall Hebron,1.042
2019-04-30,41.4261,2.148,Vall Hebron,1.000
2019-04-02,41.3875,2.1151,Palau Reial,2.667
2019-04-03,41.3875,2.1151,Palau Reial,1.292
2019-04-04,41.3875,2.1151,Palau Reial,1.083
2019-04-05,41.3875,2.1151,Palau Reial,1.083
2019-04-06,41.3875,2.1151,Palau Reial,1.000
2019-04-07,41.3875,2.1151,Palau Reial,1.042
2019-04-08,41.3875,2.1151,Palau Reial,1.136
2019-04-09,41.3875,2.1151,Palau Reial,1.000
2019-04-10,41.3875,2.1151,Palau Reial,1.000
2019-04-11,41.3875,2.1151,Palau Reial,1.292
2019-04-12,41.3875,2.1151,Palau Reial,1.750
2019-04-13,41.3875,2.1151,Palau Reial,1.708
2019-04-14,41.3875,2.1151,Palau Reial,1.000
2019-04-15,41.3875,2.1151,Palau Reial,1.125
2019-04-16,41.3875,2.1151,Palau Reial,1.125
2019-04-17,41.3875,2.1151,Palau Reial,1.500
2019-04-18,41.3875,2.1151,Palau Reial,1.000
2019-04-19,41.3875,2.1151,Palau Reial,1.042
2019-04-20,41.3875,2.1151,Palau Reial,1.042
2019-04-21,41.3875,2.1151,Palau Reial,1.083
2019-04-22,41.3875,2.1151,Palau Reial,1.042
2019-04-23,41.3875,2.1151,Palau Reial,1.167
2019-04-24,41.3875,2.1151,Palau Reial,1.083
2019-04-25,41.3875,2.1151,Palau Reial,1.000
2019-04-26,41.3875,2.1151,Palau Reial,1.000
2019-04-27,41.3875,2.1151,Palau Reial,1.792
2019-04-28,41.3875,2.1151,Palau Reial,1.000
2019-04-29,41.3875,2.1151,Palau Reial,1.250
2019-04-30,41.3875,2.1151,Palau Reial,1.000
2019-05-01,41.3853,2.1538,Eixample,1.125
2019-05-02,41.3853,2.1538,Eixample,1.792
2019-05-03,41.3853,2.1538,Eixample,1.167
2019-05-04,41.3853,2.1538,Eixample,1.250
2019-05-05,41.3853,2.1538,Eixample,2.042
2019-05-06,41.3853,2.1538,Eixample,2.762
2019-05-10,41.3853,2.1538,Eixample,2.125
2019-05-11,41.3853,2.1538,Eixample,1.125
2019-05-12,41.3853,2.1538,Eixample,1.083
2019-05-13,41.3853,2.1538,Eixample,1.125
2019-05-14,41.3853,2.1538,Eixample,2.125
2019-05-15,41.3853,2.1538,Eixample,1.000
2019-05-16,41.3853,2.1538,Eixample,1.333
2019-05-17,41.3853,2.1538,Eixample,1.000
2019-05-18,41.3853,2.1538,Eixample,1.083
2019-05-19,41.3853,2.1538,Eixample,1.000
2019-05-20,41.3853,2.1538,Eixample,1.500
2019-05-21,41.3853,2.1538,Eixample,2.375
2019-05-22,41.3853,2.1538,Eixample,1.636
2019-05-23,41.3853,2.1538,Eixample,2.042
2019-05-24,41.3853,2.1538,Eixample,1.208
2019-05-25,41.3853,2.1538,Eixample,1.042
2019-05-26,41.3853,2.1538,Eixample,1.500
2019-05-27,41.3853,2.1538,Eixample,1.583
2019-05-28,41.3853,2.1538,Eixample,1.292
2019-05-29,41.3853,2.1538,Eixample,1.000
2019-05-30,41.3853,2.1538,Eixample,1.947
2019-05-31,41.3853,2.1538,Eixample,2.095
2019-05-01,41.3987,2.1534,Gràcia,1.000
2019-05-02,41.3987,2.1534,Gràcia,1.458
2019-05-03,41.3987,2.1534,Gràcia,1.000
2019-05-04,41.3987,2.1534,Gràcia,1.042
2019-05-05,41.3987,2.1534,Gràcia,1.000
2019-05-06,41.3987,2.1534,Gràcia,1.238
2019-05-10,41.3987,2.1534,Gràcia,2.042
2019-05-11,41.3987,2.1534,Gràcia,1.292
2019-05-12,41.3987,2.1534,Gràcia,1.333
2019-05-13,41.3987,2.1534,Gràcia,1.000
2019-05-14,41.3987,2.1534,Gràcia,1.958
2019-05-15,41.3987,2.1534,Gràcia,1.083
2019-05-16,41.3987,2.1534,Gràcia,1.750
2019-05-17,41.3987,2.1534,Gràcia,1.000
2019-05-18,41.3987,2.1534,Gràcia,1.208
2019-05-19,41.3987,2.1534,Gràcia,1.042
2019-05-20,41.3987,2.1534,Gràcia,1.792
2019-05-21,41.3987,2.1534,Gràcia,2.292
2019-05-22,41.3987,2.1534,Gràcia,1.875
2019-05-23,41.3987,2.1534,Gràcia,1.833
2019-05-24,41.3987,2.1534,Gràcia,1.000
2019-05-25,41.3987,2.1534,Gràcia,1.000
2019-05-26,41.3987,2.1534,Gràcia,1.333
2019-05-27,41.3987,2.1534,Gràcia,2.000
2019-05-28,41.3987,2.1534,Gràcia,1.167
2019-05-29,41.3987,2.1534,Gràcia,1.083
2019-05-30,41.3987,2.1534,Gràcia,2.375
2019-05-31,41.3987,2.1534,Gràcia,3.042
2019-05-01,41.4261,2.148,Vall Hebron,1.000
2019-05-02,41.4261,2.148,Vall Hebron,1.368
2019-05-03,41.4261,2.148,Vall Hebron,1.000
2019-05-04,41.4261,2.148,Vall Hebron,1.000
2019-05-05,41.4261,2.148,Vall Hebron,1.000
2019-05-06,41.4261,2.148,Vall Hebron,1.143
2019-05-10,41.4261,2.148,Vall Hebron,1.583
2019-05-11,41.4261,2.148,Vall Hebron,1.167
2019-05-12,41.4261,2.148,Vall Hebron,1.375
2019-05-13,41.4261,2.148,Vall Hebron,1.292
2019-05-14,41.4261,2.148,Vall Hebron,1.833
2019-05-15,41.4261,2.148,Vall Hebron,1.042
2019-05-16,41.4261,2.148,Vall Hebron,1.292
2019-05-17,41.4261,2.148,Vall Hebron,1.000
2019-05-18,41.4261,2.148,Vall Hebron,1.042
2019-05-19,41.4261,2.148,Vall Hebron,1.000
2019-05-20,41.4261,2.148,Vall Hebron,1.250
2019-05-21,41.4261,2.148,Vall Hebron,1.417
2019-05-22,41.4261,2.148,Vall Hebron,1.583
2019-05-23,41.4261,2.148,Vall Hebron,1.545
2019-05-24,41.4261,2.148,Vall Hebron,1.000
2019-05-25,41.4261,2.148,Vall Hebron,1.000
2019-05-26,41.4261,2.148,Vall Hebron,1.083
2019-05-27,41.4261,2.148,Vall Hebron,1.292
2019-05-28,41.4261,2.148,Vall Hebron,1.000
2019-05-29,41.4261,2.148,Vall Hebron,1.000
2019-05-30,41.4261,2.148,Vall Hebron,1.708
2019-05-31,41.4261,2.148,Vall Hebron,1.458
2019-05-01,41.3875,2.1151,Palau Reial,1.042
2019-05-02,41.3875,2.1151,Palau Reial,2.208
2019-05-03,41.3875,2.1151,Palau Reial,1.000
2019-05-04,41.3875,2.1151,Palau Reial,1.042
2019-05-05,41.3875,2.1151,Palau Reial,1.042
2019-05-06,41.3875,2.1151,Palau Reial,1.238
2019-05-10,41.3875,2.1151,Palau Reial,2.792
2019-05-11,41.3875,2.1151,Palau Reial,1.958
2019-05-12,41.3875,2.1151,Palau Reial,1.833
2019-05-13,41.3875,2.1151,Palau Reial,1.625
2019-05-14,41.3875,2.1151,Palau Reial,1.619
2019-05-15,41.3875,2.1151,Palau Reial,1.083
2019-05-16,41.3875,2.1151,Palau Reial,1.417
2019-05-17,41.3875,2.1151,Palau Reial,1.083
2019-05-18,41.3875,2.1151,Palau Reial,1.292
2019-05-19,41.3875,2.1151,Palau Reial,1.333
2019-05-20,41.3875,2.1151,Palau Reial,1.542
2019-05-21,41.3875,2.1151,Palau Reial,1.708
2019-05-22,41.3875,2.1151,Palau Reial,2.250
2019-05-23,41.3875,2.1151,Palau Reial,2.083
2019-05-24,41.3875,2.1151,Palau Reial,1.000
2019-05-25,41.3875,2.1151,Palau Reial,1.000
2019-05-26,41.3875,2.1151,Palau Reial,1.208
2019-05-27,41.3875,2.1151,Palau Reial,1.417
2019-05-28,41.3875,2.1151,Palau Reial,1.500
2019-05-29,41.3875,2.1151,Palau Reial,1.292
2019-05-30,41.3875,2.1151,Palau Reial,2.625
2019-05-31,41.3875,2.1151,Palau Reial,2.292
2019-06-01,41.3853,2.1538,Eixample,1.875
2019-06-02,41.3853,2.1538,Eixample,1.250
2019-06-03,41.3853,2.1538,Eixample,1.042
2019-06-04,41.3853,2.1538,Eixample,1.500
2019-06-05,41.3853,2.1538,Eixample,1.042
2019-06-06,41.3853,2.1538,Eixample,1.208
2019-06-07,41.3853,2.1538,Eixample,1.292
2019-06-08,41.3853,2.1538,Eixample,1.083
2019-06-09,41.3853,2.1538,Eixample,1.083
2019-06-10,41.3853,2.1538,Eixample,1.458
2019-06-11,41.3853,2.1538,Eixample,1.000
2019-06-12,41.3853,2.1538,Eixample,1.083
2019-06-13,41.3853,2.1538,Eixample,1.231
2019-06-14,41.3853,2.1538,Eixample,1.375
2019-06-15,41.3853,2.1538,Eixample,1.125
2019-06-16,41.3853,2.1538,Eixample,1.958
2019-06-17,41.3853,2.1538,Eixample,2.917
2019-06-18,41.3853,2.1538,Eixample,1.708
2019-06-19,41.3853,2.1538,Eixample,1.167
2019-06-20,41.3853,2.1538,Eixample,1.000
2019-06-21,41.3853,2.1538,Eixample,1.458
2019-06-22,41.3853,2.1538,Eixample,1.500
2019-06-23,41.3853,2.1538,Eixample,1.208
2019-06-24,41.3853,2.1538,Eixample,1.000
2019-06-25,41.3853,2.1538,Eixample,1.083
2019-06-26,41.3853,2.1538,Eixample,1.542
2019-06-27,41.3853,2.1538,Eixample,5.583
2019-06-28,41.3853,2.1538,Eixample,5.167
2019-06-29,41.3853,2.1538,Eixample,5.333
2019-06-30,41.3853,2.1538,Eixample,1.833
2019-06-01,41.3987,2.1534,Gràcia,2.292
2019-06-02,41.3987,2.1534,Gràcia,1.833
2019-06-03,41.3987,2.1534,Gràcia,1.875
2019-06-04,41.3987,2.1534,Gràcia,1.875
2019-06-05,41.3987,2.1534,Gràcia,1.167
2019-06-06,41.3987,2.1534,Gràcia,1.125
2019-06-07,41.3987,2.1534,Gràcia,1.136
2019-06-08,41.3987,2.1534,Gràcia,1.125
2019-06-09,41.3987,2.1534,Gràcia,1.208
2019-06-10,41.3987,2.1534,Gràcia,1.417
2019-06-11,41.3987,2.1534,Gràcia,1.042
2019-06-12,41.3987,2.1534,Gràcia,1.500
2019-06-13,41.3987,2.1534,Gràcia,1.077
2019-06-14,41.3987,2.1534,Gràcia,1.792
2019-06-15,41.3987,2.1534,Gràcia,1.333
2019-06-16,41.3987,2.1534,Gràcia,1.583
2019-06-17,41.3987,2.1534,Gràcia,1.600
2019-06-18,41.3987,2.1534,Gràcia,1.583
2019-06-19,41.3987,2.1534,Gràcia,1.043
2019-06-20,41.3987,2.1534,Gràcia,1.000
2019-06-21,41.3987,2.1534,Gràcia,1.208
2019-06-22,41.3987,2.1534,Gràcia,1.458
2019-06-23,41.3987,2.1534,Gràcia,1.042
2019-06-24,41.3987,2.1534,Gràcia,1.000
2019-06-25,41.3987,2.1534,Gràcia,1.000
2019-06-26,41.3987,2.1534,Gràcia,1.000
2019-06-27,41.3987,2.1534,Gràcia,2.875
2019-06-28,41.3987,2.1534,Gràcia,3.292
2019-06-29,41.3987,2.1534,Gràcia,3.375
2019-06-30,41.3987,2.1534,Gràcia,1.000
2019-06-01,41.4261,2.148,Vall Hebron,2.167
2019-06-02,41.4261,2.148,Vall Hebron,1.833
2019-06-03,41.4261,2.148,Vall Hebron,1.625
2019-06-04,41.4261,2.148,Vall Hebron,1.083
2019-06-05,41.4261,2.148,Vall Hebron,1.125
2019-06-06,41.4261,2.148,Vall Hebron,1.125
2019-06-07,41.4261,2.148,Vall Hebron,1.000
2019-06-08,41.4261,2.148,Vall Hebron,1.042
2019-06-09,41.4261,2.148,Vall Hebron,1.167
2019-06-10,41.4261,2.148,Vall Hebron,1.375
2019-06-11,41.4261,2.148,Vall Hebron,1.000
2019-06-12,41.4261,2.148,Vall Hebron,1.000
2019-06-13,41.4261,2.148,Vall Hebron,1.077
2019-06-14,41.4261,2.148,Vall Hebron,1.167
2019-06-15,41.4261,2.148,Vall Hebron,1.000
2019-06-16,41.4261,2.148,Vall Hebron,1.292
2019-06-17,41.4261,2.148,Vall Hebron,2.083
2019-06-18,41.4261,2.148,Vall Hebron,1.542
2019-06-19,41.4261,2.148,Vall Hebron,1.375
2019-06-20,41.4261,2.148,Vall Hebron,1.000
2019-06-21,41.4261,2.148,Vall Hebron,1.130
2019-06-22,41.4261,2.148,Vall Hebron,1.750
2019-06-23,41.4261,2.148,Vall Hebron,1.542
2019-06-24,41.4261,2.148,Vall Hebron,1.167
2019-06-25,41.4261,2.148,Vall Hebron,1.167
2019-06-26,41.4261,2.148,Vall Hebron,1.333
2019-06-27,41.4261,2.148,Vall Hebron,2.333
2019-06-28,41.4261,2.148,Vall Hebron,2.500
2019-06-29,41.4261,2.148,Vall Hebron,3.042
2019-06-30,41.4261,2.148,Vall Hebron,1.417
2019-06-01,41.3875,2.1151,Palau Reial,2.708
2019-06-02,41.3875,2.1151,Palau Reial,2.042
2019-06-03,41.3875,2.1151,Palau Reial,1.958
2019-06-04,41.3875,2.1151,Palau Reial,1.792
2019-06-05,41.3875,2.1151,Palau Reial,1.250
2019-06-06,41.3875,2.1151,Palau Reial,1.875
2019-06-07,41.3875,2.1151,Palau Reial,1.333
2019-06-08,41.3875,2.1151,Palau Reial,1.292
2019-06-09,41.3875,2.1151,Palau Reial,1.292
2019-06-10,41.3875,2.1151,Palau Reial,1.583
2019-06-11,41.3875,2.1151,Palau Reial,1.136
2019-06-12,41.3875,2.1151,Palau Reial,1.458
2019-06-13,41.3875,2.1151,Palau Reial,1.385
2019-06-14,41.3875,2.1151,Palau Reial,1.875
2019-06-15,41.3875,2.1151,Palau Reial,2.042
2019-06-16,41.3875,2.1151,Palau Reial,2.458
2019-06-17,41.3875,2.1151,Palau Reial,3.000
2019-06-18,41.3875,2.1151,Palau Reial,2.375
2019-06-19,41.3875,2.1151,Palau Reial,2.250
2019-06-20,41.3875,2.1151,Palau Reial,2.167
2019-06-21,41.3875,2.1151,Palau Reial,2.571
2019-06-22,41.3875,2.1151,Palau Reial,2.875
2019-06-23,41.3875,2.1151,Palau Reial,2.000
2019-06-24,41.3875,2.1151,Palau Reial,2.042
2019-06-25,41.3875,2.1151,Palau Reial,2.125
2019-06-26,41.3875,2.1151,Palau Reial,2.417
2019-06-27,41.3875,2.1151,Palau Reial,4.208
2019-06-28,41.3875,2.1151,Palau Reial,3.792
2019-06-29,41.3875,2.1151,Palau Reial,5.000
2019-06-30,41.3875,2.1151,Palau Reial,3.625
2019-07-01,41.3853,2.1538,Eixample,1.000
2019-07-02,41.3853,2.1538,Eixample,1.458
2019-07-03,41.3853,2.1538,Eixample,4.286
2019-07-04,41.3853,2.1538,Eixample,1.958
2019-07-05,41.3853,2.1538,Eixample,3.500
2019-07-06,41.3853,2.1538,Eixample,1.174
2019-07-07,41.3853,2.1538,Eixample,2.000
2019-07-08,41.3853,2.1538,Eixample,2.579
2019-07-09,41.3853,2.1538,Eixample,2.750
2019-07-10,41.3853,2.1538,Eixample,2.958
2019-07-11,41.3853,2.1538,Eixample,3.250
2019-07-12,41.3853,2.1538,Eixample,2.955
2019-07-13,41.3853,2.1538,Eixample,3.042
2019-07-14,41.3853,2.1538,Eixample,1.833
2019-07-15,41.3853,2.1538,Eixample,1.792
2019-07-16,41.3853,2.1538,Eixample,2.583
2019-07-17,41.3853,2.1538,Eixample,2.167
2019-07-18,41.3853,2.1538,Eixample,2.783
2019-07-19,41.3853,2.1538,Eixample,2.870
2019-07-20,41.3853,2.1538,Eixample,2.826
2019-07-22,41.3853,2.1538,Eixample,4.250
2019-07-23,41.3853,2.1538,Eixample,3.333
2019-07-24,41.3853,2.1538,Eixample,2.833
2019-07-25,41.3853,2.1538,Eixample,2.292
2019-07-29,41.3853,2.1538,Eixample,2.227
2019-07-30,41.3853,2.1538,Eixample,2.042
2019-07-01,41.3987,2.1534,Gràcia,1.000
2019-07-02,41.3987,2.1534,Gràcia,1.042
2019-07-03,41.3987,2.1534,Gràcia,1.375
2019-07-04,41.3987,2.1534,Gràcia,1.000
2019-07-05,41.3987,2.1534,Gràcia,1.000
2019-07-06,41.3987,2.1534,Gràcia,1.000
2019-07-07,41.3987,2.1534,Gràcia,1.000
2019-07-08,41.3987,2.1534,Gràcia,1.042
2019-07-09,41.3987,2.1534,Gràcia,1.000
2019-07-10,41.3987,2.1534,Gràcia,1.125
2019-07-11,41.3987,2.1534,Gràcia,1.000
2019-07-12,41.3987,2.1534,Gràcia,1.000
2019-07-13,41.3987,2.1534,Gràcia,1.000
2019-07-14,41.3987,2.1534,Gràcia,1.000
2019-07-15,41.3987,2.1534,Gràcia,1.000
2019-07-16,41.3987,2.1534,Gràcia,1.167
2019-07-17,41.3987,2.1534,Gràcia,1.000
2019-07-18,41.3987,2.1534,Gràcia,1.000
2019-07-19,41.3987,2.1534,Gràcia,1.000
2019-07-20,41.3987,2.1534,Gràcia,1.000
2019-07-22,41.3987,2.1534,Gràcia,1.083
2019-07-23,41.3987,2.1534,Gràcia,1.125
2019-07-24,41.3987,2.1534,Gràcia,1.125
2019-07-25,41.3987,2.1534,Gràcia,1.000
2019-07-29,41.3987,2.1534,Gràcia,1.000
2019-07-30,41.3987,2.1534,Gràcia,1.000
2019-07-01,41.4261,2.148,Vall Hebron,1.000
2019-07-02,41.4261,2.148,Vall Hebron,1.292
2019-07-03,41.4261,2.148,Vall Hebron,1.733
2019-07-04,41.4261,2.148,Vall Hebron,1.643
2019-07-05,41.4261,2.148,Vall Hebron,3.059
2019-07-06,41.4261,2.148,Vall Hebron,1.167
2019-07-07,41.4261,2.148,Vall Hebron,1.083
2019-07-08,41.4261,2.148,Vall Hebron,1.000
2019-07-09,41.4261,2.148,Vall Hebron,1.083
2019-07-10,41.4261,2.148,Vall Hebron,1.708
2019-07-11,41.4261,2.148,Vall Hebron,1.381
2019-07-12,41.4261,2.148,Vall Hebron,1.333
2019-07-13,41.4261,2.148,Vall Hebron,1.333
2019-07-14,41.4261,2.148,Vall Hebron,1.083
2019-07-15,41.4261,2.148,Vall Hebron,1.125
2019-07-16,41.4261,2.148,Vall Hebron,1.417
2019-07-17,41.4261,2.148,Vall Hebron,1.042
2019-07-18,41.4261,2.148,Vall Hebron,1.478
2019-07-19,41.4261,2.148,Vall Hebron,1.391
2019-07-20,41.4261,2.148,Vall Hebron,1.522
2019-07-22,41.4261,2.148,Vall Hebron,2.208
2019-07-23,41.4261,2.148,Vall Hebron,2.000
2019-07-24,41.4261,2.148,Vall Hebron,1.818
2019-07-25,41.4261,2.148,Vall Hebron,2.083
2019-07-29,41.4261,2.148,Vall Hebron,1.273
2019-07-30,41.4261,2.148,Vall Hebron,1.458
2019-07-01,41.3875,2.1151,Palau Reial,2.042
2019-07-02,41.3875,2.1151,Palau Reial,2.500
2019-07-03,41.3875,2.1151,Palau Reial,3.917
2019-07-04,41.3875,2.1151,Palau Reial,2.095
2019-07-05,41.3875,2.1151,Palau Reial,2.588
2019-07-06,41.3875,2.1151,Palau Reial,1.292
2019-07-07,41.3875,2.1151,Palau Reial,1.000
2019-07-08,41.3875,2.1151,Palau Reial,1.125
2019-07-09,41.3875,2.1151,Palau Reial,1.208
2019-07-10,41.3875,2.1151,Palau Reial,1.458
2019-07-11,41.3875,2.1151,Palau Reial,1.667
2019-07-12,41.3875,2.1151,Palau Reial,1.375
2019-07-13,41.3875,2.1151,Palau Reial,1.583
2019-07-14,41.3875,2.1151,Palau Reial,1.792
2019-07-15,41.3875,2.1151,Palau Reial,1.625
2019-07-16,41.3875,2.1151,Palau Reial,1.792
2019-07-17,41.3875,2.1151,Palau Reial,1.208
2019-07-18,41.3875,2.1151,Palau Reial,1.957
2019-07-19,41.3875,2.1151,Palau Reial,1.565
2019-07-20,41.3875,2.1151,Palau Reial,1.739
2019-07-22,41.3875,2.1151,Palau Reial,3.625
2019-07-23,41.3875,2.1151,Palau Reial,2.417
2019-07-24,41.3875,2.1151,Palau Reial,2.083
2019-07-25,41.3875,2.1151,Palau Reial,2.208
2019-07-29,41.3875,2.1151,Palau Reial,1.045
2019-07-30,41.3875,2.1151,Palau Reial,1.043
2019-08-01,41.3853,2.1538,Eixample,1.542
2019-08-02,41.3853,2.1538,Eixample,2.208
2019-08-03,41.3853,2.1538,Eixample,2.000
2019-08-04,41.3853,2.1538,Eixample,1.696
2019-08-05,41.3853,2.1538,Eixample,3.667
2019-08-06,41.3853,2.1538,Eixample,1.588
2019-08-07,41.3853,2.1538,Eixample,1.167
2019-08-08,41.3853,2.1538,Eixample,1.043
2019-08-09,41.3853,2.1538,Eixample,1.043
2019-08-10,41.3853,2.1538,Eixample,1.208
2019-08-11,41.3853,2.1538,Eixample,1.458
2019-08-12,41.3853,2.1538,Eixample,1.292
2019-08-13,41.3853,2.1538,Eixample,1.333
2019-08-14,41.3853,2.1538,Eixample,1.143
2019-08-15,41.3853,2.1538,Eixample,1.087
2019-08-16,41.3853,2.1538,Eixample,1.000
2019-08-17,41.3853,2.1538,Eixample,1.000
2019-08-18,41.3853,2.1538,Eixample,1.000
2019-08-19,41.3853,2.1538,Eixample,1.000
2019-08-20,41.3853,2.1538,Eixample,1.000
2019-08-21,41.3853,2.1538,Eixample,1.348
2019-08-22,41.3853,2.1538,Eixample,1.500
2019-08-23,41.3853,2.1538,Eixample,1.583
2019-08-24,41.3853,2.1538,Eixample,3.125
2019-08-25,41.3853,2.1538,Eixample,1.625
2019-08-26,41.3853,2.1538,Eixample,2.958
2019-08-27,41.3853,2.1538,Eixample,1.000
2019-08-28,41.3853,2.1538,Eixample,1.500
2019-08-29,41.3853,2.1538,Eixample,1.542
2019-08-30,41.3853,2.1538,Eixample,2.095
2019-08-31,41.3853,2.1538,Eixample,1.083
2019-08-01,41.3987,2.1534,Gràcia,1.000
2019-08-02,41.3987,2.1534,Gràcia,1.167
2019-08-03,41.3987,2.1534,Gràcia,1.000
2019-08-04,41.3987,2.1534,Gràcia,1.000
2019-08-05,41.3987,2.1534,Gràcia,1.542
2019-08-06,41.3987,2.1534,Gràcia,1.706
2019-08-07,41.3987,2.1534,Gràcia,1.000
2019-08-08,41.3987,2.1534,Gràcia,1.000
2019-08-09,41.3987,2.1534,Gràcia,1.000
2019-08-10,41.3987,2.1534,Gràcia,1.000
2019-08-11,41.3987,2.1534,Gràcia,1.000
2019-08-12,41.3987,2.1534,Gràcia,1.000
2019-08-13,41.3987,2.1534,Gràcia,1.053
2019-08-14,41.3987,2.1534,Gràcia,1.042
2019-08-15,41.3987,2.1534,Gràcia,1.000
2019-08-16,41.3987,2.1534,Gràcia,1.042
2019-08-17,41.3987,2.1534,Gràcia,1.043
2019-08-18,41.3987,2.1534,Gràcia,1.000
2019-08-19,41.3987,2.1534,Gràcia,1.000
2019-08-20,41.3987,2.1534,Gràcia,1.000
2019-08-21,41.3987,2.1534,Gràcia,1.000
2019-08-22,41.3987,2.1534,Gràcia,1.227
2019-08-23,41.3987,2.1534,Gràcia,1.083
2019-08-24,41.3987,2.1534,Gràcia,1.250
2019-08-25,41.3987,2.1534,Gràcia,1.000
2019-08-26,41.3987,2.1534,Gràcia,1.750
2019-08-27,41.3987,2.1534,Gràcia,1.043
2019-08-28,41.3987,2.1534,Gràcia,1.000
2019-08-29,41.3987,2.1534,Gràcia,1.042
2019-08-30,41.3987,2.1534,Gràcia,1.375
2019-08-31,41.3987,2.1534,Gràcia,1.000
2019-08-01,41.4261,2.148,Vall Hebron,1.083
2019-08-02,41.4261,2.148,Vall Hebron,1.833
2019-08-03,41.4261,2.148,Vall Hebron,1.652
2019-08-04,41.4261,2.148,Vall Hebron,1.435
2019-08-05,41.4261,2.148,Vall Hebron,2.417
2019-08-06,41.4261,2.148,Vall Hebron,1.353
2019-08-07,41.4261,2.148,Vall Hebron,1.000
2019-08-08,41.4261,2.148,Vall Hebron,1.348
2019-08-09,41.4261,2.148,Vall Hebron,1.522
2019-08-10,41.4261,2.148,Vall Hebron,1.167
2019-08-11,41.4261,2.148,Vall Hebron,1.583
2019-08-12,41.4261,2.148,Vall Hebron,1.333
2019-08-13,41.4261,2.148,Vall Hebron,1.667
2019-08-14,41.4261,2.148,Vall Hebron,1.542
2019-08-15,41.4261,2.148,Vall Hebron,1.652
2019-08-16,41.4261,2.148,Vall Hebron,1.625
2019-08-17,41.4261,2.148,Vall Hebron,2.250
2019-08-18,41.4261,2.148,Vall Hebron,1.957
2019-08-19,41.4261,2.148,Vall Hebron,1.750
2019-08-20,41.4261,2.148,Vall Hebron,1.583
2019-08-21,41.4261,2.148,Vall Hebron,2.087
2019-08-22,41.4261,2.148,Vall Hebron,2.273
2019-08-23,41.4261,2.148,Vall Hebron,2.292
2019-08-24,41.4261,2.148,Vall Hebron,3.917
2019-08-25,41.4261,2.148,Vall Hebron,2.958
2019-08-26,41.4261,2.148,Vall Hebron,3.208
2019-08-27,41.4261,2.148,Vall Hebron,1.826
2019-08-28,41.4261,2.148,Vall Hebron,2.500
2019-08-29,41.4261,2.148,Vall Hebron,2.458
2019-08-30,41.4261,2.148,Vall Hebron,2.708
2019-08-31,41.4261,2.148,Vall Hebron,2.333
2019-08-01,41.3875,2.1151,Palau Reial,1.000
2019-08-02,41.3875,2.1151,Palau Reial,1.381
2019-08-03,41.3875,2.1151,Palau Reial,1.391
2019-08-04,41.3875,2.1151,Palau Reial,1.174
2019-08-05,41.3875,2.1151,Palau Reial,2.083
2019-08-06,41.3875,2.1151,Palau Reial,1.294
2019-08-07,41.3875,2.1151,Palau Reial,1.000
2019-08-08,41.3875,2.1151,Palau Reial,1.000
2019-08-09,41.3875,2.1151,Palau Reial,1.000
2019-08-10,41.3875,2.1151,Palau Reial,1.125
2019-08-11,41.3875,2.1151,Palau Reial,1.583
2019-08-12,41.3875,2.1151,Palau Reial,1.250
2019-08-13,41.3875,2.1151,Palau Reial,1.292
2019-08-14,41.3875,2.1151,Palau Reial,1.333
2019-08-15,41.3875,2.1151,Palau Reial,1.261
2019-08-16,41.3875,2.1151,Palau Reial,1.083
2019-08-17,41.3875,2.1151,Palau Reial,1.130
2019-08-18,41.3875,2.1151,Palau Reial,1.000
2019-08-19,41.3875,2.1151,Palau Reial,1.000
2019-08-20,41.3875,2.1151,Palau Reial,1.208
2019-08-21,41.3875,2.1151,Palau Reial,1.435
2019-08-22,41.3875,2.1151,Palau Reial,1.591
2019-08-23,41.3875,2.1151,Palau Reial,2.042
2019-08-24,41.3875,2.1151,Palau Reial,3.250
2019-08-25,41.3875,2.1151,Palau Reial,2.125
2019-08-26,41.3875,2.1151,Palau Reial,2.417
2019-08-27,41.3875,2.1151,Palau Reial,1.130
2019-08-28,41.3875,2.1151,Palau Reial,1.500
2019-08-29,41.3875,2.1151,Palau Reial,1.333
2019-08-30,41.3875,2.1151,Palau Reial,2.333
2019-08-31,41.3875,2.1151,Palau Reial,1.917
2019-09-01,41.3853,2.1538,Eixample,1.583
2019-09-02,41.3853,2.1538,Eixample,1.458
2019-09-03,41.3853,2.1538,Eixample,1.542
2019-09-04,41.3853,2.1538,Eixample,3.208
2019-09-05,41.3853,2.1538,Eixample,1.652
2019-09-06,41.3853,2.1538,Eixample,2.364
2019-09-07,41.3853,2.1538,Eixample,1.542
2019-09-08,41.3853,2.1538,Eixample,1.208
2019-09-09,41.3853,2.1538,Eixample,1.591
2019-09-10,41.3853,2.1538,Eixample,1.208
2019-09-11,41.3853,2.1538,Eixample,1.208
2019-09-12,41.3853,2.1538,Eixample,2.136
2019-09-13,41.3853,2.1538,Eixample,1.652
2019-09-14,41.3853,2.1538,Eixample,1.417
2019-09-15,41.3853,2.1538,Eixample,1.042
2019-09-16,41.3853,2.1538,Eixample,1.870
2019-09-17,41.3853,2.1538,Eixample,3.652
2019-09-18,41.3853,2.1538,Eixample,1.739
2019-09-19,41.3853,2.1538,Eixample,1.435
2019-09-20,41.3853,2.1538,Eixample,1.261
2019-09-22,41.3853,2.1538,Eixample,1.000
2019-09-23,41.3853,2.1538,Eixample,1.087
2019-09-24,41.3853,2.1538,Eixample,1.318
2019-09-25,41.3853,2.1538,Eixample,1.522
2019-09-26,41.3853,2.1538,Eixample,1.727
2019-09-27,41.3853,2.1538,Eixample,1.409
2019-09-28,41.3853,2.1538,Eixample,1.043
2019-09-29,41.3853,2.1538,Eixample,1.000
2019-09-30,41.3853,2.1538,Eixample,1.409
2019-09-01,41.3987,2.1534,Gràcia,1.042
2019-09-02,41.3987,2.1534,Gràcia,1.045
2019-09-03,41.3987,2.1534,Gràcia,1.000
2019-09-04,41.3987,2.1534,Gràcia,1.500
2019-09-05,41.3987,2.1534,Gràcia,1.000
2019-09-06,41.3987,2.1534,Gràcia,1.773
2019-09-07,41.3987,2.1534,Gràcia,1.042
2019-09-08,41.3987,2.1534,Gràcia,1.000
2019-09-09,41.3987,2.1534,Gràcia,1.000
2019-09-10,41.3987,2.1534,Gràcia,1.000
2019-09-11,41.3987,2.1534,Gràcia,1.000
2019-09-12,41.3987,2.1534,Gràcia,1.455
2019-09-13,41.3987,2.1534,Gràcia,1.000
2019-09-14,41.3987,2.1534,Gràcia,1.000
2019-09-15,41.3987,2.1534,Gràcia,1.000
2019-09-16,41.3987,2.1534,Gràcia,1.435
2019-09-17,41.3987,2.1534,Gràcia,1.870
2019-09-18,41.3987,2.1534,Gràcia,1.348
2019-09-19,41.3987,2.1534,Gràcia,1.000
2019-09-20,41.3987,2.1534,Gràcia,1.043
2019-09-22,41.3987,2.1534,Gràcia,1.000
2019-09-23,41.3987,2.1534,Gràcia,1.000
2019-09-24,41.3987,2.1534,Gràcia,1.000
2019-09-25,41.3987,2.1534,Gràcia,1.261
2019-09-26,41.3987,2.1534,Gràcia,1.190
2019-09-27,41.3987,2.1534,Gràcia,1.455
2019-09-28,41.3987,2.1534,Gràcia,1.043
2019-09-29,41.3987,2.1534,Gràcia,1.000
2019-09-30,41.3987,2.1534,Gràcia,1.227
2019-09-01,41.4261,2.148,Vall Hebron,2.292
2019-09-02,41.4261,2.148,Vall Hebron,2.174
2019-09-03,41.4261,2.148,Vall Hebron,2.000
2019-09-04,41.4261,2.148,Vall Hebron,2.875
2019-09-05,41.4261,2.148,Vall Hebron,2.261
2019-09-06,41.4261,2.148,Vall Hebron,2.591
2019-09-07,41.4261,2.148,Vall Hebron,2.083
2019-09-08,41.4261,2.148,Vall Hebron,1.792
2019-09-09,41.4261,2.148,Vall Hebron,1.773
2019-09-10,41.4261,2.148,Vall Hebron,1.286
2019-09-11,41.4261,2.148,Vall Hebron,1.000
2019-09-12,41.4261,2.148,Vall Hebron,1.273
2019-09-13,41.4261,2.148,Vall Hebron,1.208
2019-09-14,41.4261,2.148,Vall Hebron,1.250
2019-09-15,41.4261,2.148,Vall Hebron,1.083
2019-09-16,41.4261,2.148,Vall Hebron,1.565
2019-09-17,41.4261,2.148,Vall Hebron,2.043
2019-09-18,41.4261,2.148,Vall Hebron,1.739
2019-09-19,41.4261,2.148,Vall Hebron,1.087
2019-09-20,41.4261,2.148,Vall Hebron,1.261
2019-09-22,41.4261,2.148,Vall Hebron,1.000
2019-09-23,41.4261,2.148,Vall Hebron,1.043
2019-09-24,41.4261,2.148,Vall Hebron,1.500
2019-09-25,41.4261,2.148,Vall Hebron,1.217
2019-09-26,41.4261,2.148,Vall Hebron,1.476
2019-09-27,41.4261,2.148,Vall Hebron,1.762
2019-09-28,41.4261,2.148,Vall Hebron,1.696
2019-09-29,41.4261,2.148,Vall Hebron,1.609
2019-09-30,41.4261,2.148,Vall Hebron,1.636
2019-09-01,41.3875,2.1151,Palau Reial,1.833
2019-09-02,41.3875,2.1151,Palau Reial,1.750
2019-09-03,41.3875,2.1151,Palau Reial,1.875
2019-09-04,41.3875,2.1151,Palau Reial,2.583
2019-09-05,41.3875,2.1151,Palau Reial,1.609
2019-09-06,41.3875,2.1151,Palau Reial,1.864
2019-09-07,41.3875,2.1151,Palau Reial,1.333
2019-09-08,41.3875,2.1151,Palau Reial,1.292
2019-09-09,41.3875,2.1151,Palau Reial,1.318
2019-09-10,41.3875,2.1151,Palau Reial,1.000
2019-09-11,41.3875,2.1151,Palau Reial,1.000
2019-09-12,41.3875,2.1151,Palau Reial,1.773
2019-09-13,41.3875,2.1151,Palau Reial,1.100
2019-09-14,41.3875,2.1151,Palau Reial,1.458
2019-09-15,41.3875,2.1151,Palau Reial,1.542
2019-09-16,41.3875,2.1151,Palau Reial,1.565
2019-09-17,41.3875,2.1151,Palau Reial,2.739
2019-09-18,41.3875,2.1151,Palau Reial,1.826
2019-09-19,41.3875,2.1151,Palau Reial,2.087
2019-09-20,41.3875,2.1151,Palau Reial,1.565
2019-09-22,41.3875,2.1151,Palau Reial,1.174
2019-09-23,41.3875,2.1151,Palau Reial,1.261
2019-09-24,41.3875,2.1151,Palau Reial,1.909
2019-09-25,41.3875,2.1151,Palau Reial,1.870
2019-09-26,41.3875,2.1151,Palau Reial,1.826
2019-09-27,41.3875,2.1151,Palau Reial,1.571
2019-09-28,41.3875,2.1151,Palau Reial,1.304
2019-09-29,41.3875,2.1151,Palau Reial,1.261
2019-09-30,41.3875,2.1151,Palau Reial,1.682
2019-10-01,41.3853,2.1538,Eixample,1.000
2019-10-02,41.3853,2.1538,Eixample,1.667
2019-10-03,41.3853,2.1538,Eixample,1.500
2019-10-04,41.3853,2.1538,Eixample,1.348
2019-10-05,41.3853,2.1538,Eixample,1.000
2019-10-06,41.3853,2.1538,Eixample,1.000
2019-10-07,41.3853,2.1538,Eixample,1.174
2019-10-08,41.3853,2.1538,Eixample,1.125
2019-10-09,41.3853,2.1538,Eixample,1.000
2019-10-10,41.3853,2.1538,Eixample,1.043
2019-10-11,41.3853,2.1538,Eixample,1.087
2019-10-12,41.3853,2.1538,Eixample,1.000
2019-10-13,41.3853,2.1538,Eixample,1.000
2019-10-14,41.3853,2.1538,Eixample,1.000
2019-10-15,41.3853,2.1538,Eixample,1.000
2019-10-16,41.3853,2.1538,Eixample,1.217
2019-10-17,41.3853,2.1538,Eixample,2.000
2019-10-18,41.3853,2.1538,Eixample,1.292
2019-10-19,41.3853,2.1538,Eixample,1.667
2019-10-20,41.3853,2.1538,Eixample,1.000
2019-10-21,41.3853,2.1538,Eixample,1.000
2019-10-22,41.3853,2.1538,Eixample,1.042
2019-10-23,41.3853,2.1538,Eixample,1.174
2019-10-24,41.3853,2.1538,Eixample,1.136
2019-10-25,41.3853,2.1538,Eixample,1.609
2019-10-26,41.3853,2.1538,Eixample,1.875
2019-10-27,41.3853,2.1538,Eixample,1.348
2019-10-28,41.3853,2.1538,Eixample,1.167
2019-10-29,41.3853,2.1538,Eixample,1.500
2019-10-30,41.3853,2.1538,Eixample,4.292
2019-10-31,41.3853,2.1538,Eixample,5.208
2019-10-01,41.3987,2.1534,Gràcia,1.000
2019-10-02,41.3987,2.1534,Gràcia,1.208
2019-10-03,41.3987,2.1534,Gràcia,1.250
2019-10-04,41.3987,2.1534,Gràcia,1.217
2019-10-05,41.3987,2.1534,Gràcia,1.000
2019-10-06,41.3987,2.1534,Gràcia,1.000
2019-10-07,41.3987,2.1534,Gràcia,1.125
2019-10-08,41.3987,2.1534,Gràcia,1.167
2019-10-09,41.3987,2.1534,Gràcia,1.000
2019-10-10,41.3987,2.1534,Gràcia,1.043
2019-10-11,41.3987,2.1534,Gràcia,1.043
2019-10-12,41.3987,2.1534,Gràcia,1.087
2019-10-13,41.3987,2.1534,Gràcia,1.042
2019-10-14,41.3987,2.1534,Gràcia,1.304
2019-10-15,41.3987,2.1534,Gràcia,1.667
2019-10-16,41.3987,2.1534,Gràcia,2.391
2019-10-17,41.3987,2.1534,Gràcia,2.542
2019-10-18,41.3987,2.1534,Gràcia,2.125
2019-10-19,41.3987,2.1534,Gràcia,1.667
2019-10-20,41.3987,2.1534,Gràcia,1.167
2019-10-21,41.3987,2.1534,Gràcia,1.783
2019-10-22,41.3987,2.1534,Gràcia,1.000
2019-10-23,41.3987,2.1534,Gràcia,1.870
2019-10-24,41.3987,2.1534,Gràcia,3.227
2019-10-25,41.3987,2.1534,Gràcia,14.000
2019-10-26,41.3987,2.1534,Gràcia,7.125
2019-10-27,41.3987,2.1534,Gràcia,4.217
2019-10-28,41.3987,2.1534,Gràcia,2.542
2019-10-29,41.3987,2.1534,Gràcia,3.625
2019-10-30,41.3987,2.1534,Gràcia,4.250
2019-10-31,41.3987,2.1534,Gràcia,2.417
2019-10-01,41.4261,2.148,Vall Hebron,1.696
2019-10-02,41.4261,2.148,Vall Hebron,1.542
2019-10-03,41.4261,2.148,Vall Hebron,1.708
2019-10-04,41.4261,2.148,Vall Hebron,1.957
2019-10-05,41.4261,2.148,Vall Hebron,1.261
2019-10-06,41.4261,2.148,Vall Hebron,1.167
2019-10-07,41.4261,2.148,Vall Hebron,1.667
2019-10-08,41.4261,2.148,Vall Hebron,1.909
2019-10-09,41.4261,2.148,Vall Hebron,1.522
2019-10-10,41.4261,2.148,Vall Hebron,1.304
2019-10-11,41.4261,2.148,Vall Hebron,1.652
2019-10-12,41.4261,2.148,Vall Hebron,1.391
2019-10-13,41.4261,2.148,Vall Hebron,1.250
2019-10-14,41.4261,2.148,Vall Hebron,1.870
2019-10-15,41.4261,2.148,Vall Hebron,1.636
2019-10-16,41.4261,2.148,Vall Hebron,1.783
2019-10-17,41.4261,2.148,Vall Hebron,2.333
2019-10-18,41.4261,2.148,Vall Hebron,2.042
2019-10-19,41.4261,2.148,Vall Hebron,1.958
2019-10-20,41.4261,2.148,Vall Hebron,1.375
2019-10-21,41.4261,2.148,Vall Hebron,1.238
2019-10-22,41.4261,2.148,Vall Hebron,1.000
2019-10-23,41.4261,2.148,Vall Hebron,1.000
2019-10-24,41.4261,2.148,Vall Hebron,1.000
2019-10-25,41.4261,2.148,Vall Hebron,1.174
2019-10-26,41.4261,2.148,Vall Hebron,1.083
2019-10-27,41.4261,2.148,Vall Hebron,1.000
2019-10-28,41.4261,2.148,Vall Hebron,1.083
2019-10-29,41.4261,2.148,Vall Hebron,1.042
2019-10-30,41.4261,2.148,Vall Hebron,1.458
2019-10-31,41.4261,2.148,Vall Hebron,1.000
2019-10-01,41.3875,2.1151,Palau Reial,1.174
2019-10-02,41.3875,2.1151,Palau Reial,2.250
2019-10-03,41.3875,2.1151,Palau Reial,1.375
2019-10-04,41.3875,2.1151,Palau Reial,1.652
2019-10-05,41.3875,2.1151,Palau Reial,1.348
2019-10-06,41.3875,2.1151,Palau Reial,1.125
2019-10-07,41.3875,2.1151,Palau Reial,1.458
2019-10-08,41.3875,2.1151,Palau Reial,1.435
2019-10-09,41.3875,2.1151,Palau Reial,1.227
2019-10-10,41.3875,2.1151,Palau Reial,1.000
2019-10-11,41.3875,2.1151,Palau Reial,1.000
2019-10-12,41.3875,2.1151,Palau Reial,1.174
2019-10-13,41.3875,2.1151,Palau Reial,1.000
2019-10-14,41.3875,2.1151,Palau Reial,1.000
2019-10-15,41.3875,2.1151,Palau Reial,1.000
2019-10-16,41.3875,2.1151,Palau Reial,1.043
2019-10-17,41.3875,2.1151,Palau Reial,1.667
2019-10-18,41.3875,2.1151,Palau Reial,1.042
2019-10-19,41.3875,2.1151,Palau Reial,1.042
2019-10-20,41.3875,2.1151,Palau Reial,1.000
2019-10-21,41.3875,2.1151,Palau Reial,1.000
2019-10-22,41.3875,2.1151,Palau Reial,1.000
2019-10-23,41.3875,2.1151,Palau Reial,1.000
2019-10-24,41.3875,2.1151,Palau Reial,1.091
2019-10-25,41.3875,2.1151,Palau Reial,1.043
2019-10-26,41.3875,2.1151,Palau Reial,1.125
2019-10-27,41.3875,2.1151,Palau Reial,1.000
2019-10-28,41.3875,2.1151,Palau Reial,1.125
2019-10-29,41.3875,2.1151,Palau Reial,1.083
2019-10-30,41.3875,2.1151,Palau Reial,1.333
2019-10-31,41.3875,2.1151,Palau Reial,1.208
2019-11-01,41.3853,2.1538,Eixample,2.917
2019-11-02,41.3853,2.1538,Eixample,2.542
2019-11-03,41.3853,2.1538,Eixample,2.042
2019-11-04,41.3853,2.1538,Eixample,2.739
2019-11-05,41.3853,2.1538,Eixample,1.857
2019-11-06,41.3853,2.1538,Eixample,1.478
2019-11-07,41.3853,2.1538,Eixample,2.739
2019-11-08,41.3853,2.1538,Eixample,2.500
2019-11-09,41.3853,2.1538,Eixample,1.565
2019-11-10,41.3853,2.1538,Eixample,1.583
2019-11-11,41.3853,2.1538,Eixample,2.500
2019-11-12,41.3853,2.1538,Eixample,2.130
2019-11-13,41.3853,2.1538,Eixample,2.043
2019-11-14,41.3853,2.1538,Eixample,3.261
2019-11-15,41.3853,2.1538,Eixample,2.696
2019-11-16,41.3853,2.1538,Eixample,2.174
2019-11-17,41.3853,2.1538,Eixample,1.522
2019-11-18,41.3853,2.1538,Eixample,2.875
2019-11-19,41.3853,2.1538,Eixample,2.125
2019-11-20,41.3853,2.1538,Eixample,4.217
2019-11-21,41.3853,2.1538,Eixample,3.696
2019-11-22,41.3853,2.1538,Eixample,3.208
2019-11-23,41.3853,2.1538,Eixample,1.708
2019-11-24,41.3853,2.1538,Eixample,1.542
2019-11-25,41.3853,2.1538,Eixample,2.826
2019-11-26,41.3853,2.1538,Eixample,4.000
2019-11-27,41.3853,2.1538,Eixample,2.542
2019-11-28,41.3853,2.1538,Eixample,1.435
2019-11-29,41.3853,2.1538,Eixample,1.087
2019-11-30,41.3853,2.1538,Eixample,1.042
2019-11-01,41.3987,2.1534,Gràcia,1.625
2019-11-02,41.3987,2.1534,Gràcia,2.250
2019-11-03,41.3987,2.1534,Gràcia,1.833
2019-11-04,41.3987,2.1534,Gràcia,1.652
2019-11-05,41.3987,2.1534,Gràcia,3.174
2019-11-06,41.3987,2.1534,Gràcia,2.957
2019-11-07,41.3987,2.1534,Gràcia,1.304
2019-11-08,41.3987,2.1534,Gràcia,1.583
2019-11-09,41.3987,2.1534,Gràcia,1.826
2019-11-10,41.3987,2.1534,Gràcia,1.958
2019-11-11,41.3987,2.1534,Gràcia,2.875
2019-11-12,41.3987,2.1534,Gràcia,2.304
2019-11-13,41.3987,2.1534,Gràcia,2.000
2019-11-14,41.3987,2.1534,Gràcia,2.652
2019-11-15,41.3987,2.1534,Gràcia,1.130
2019-11-16,41.3987,2.1534,Gràcia,1.000
2019-11-17,41.3987,2.1534,Gràcia,1.000
2019-11-18,41.3987,2.1534,Gràcia,2.167
2019-11-19,41.3987,2.1534,Gràcia,2.750
2019-11-20,41.3987,2.1534,Gràcia,2.478
2019-11-21,41.3987,2.1534,Gràcia,2.478
2019-11-22,41.3987,2.1534,Gràcia,2.550
2019-11-23,41.3987,2.1534,Gràcia,1.000
2019-11-24,41.3987,2.1534,Gràcia,1.042
2019-11-25,41.3987,2.1534,Gràcia,2.000
2019-11-26,41.3987,2.1534,Gràcia,1.875
2019-11-27,41.3987,2.1534,Gràcia,1.125
2019-11-28,41.3987,2.1534,Gràcia,1.043
2019-11-29,41.3987,2.1534,Gràcia,1.174
2019-11-30,41.3987,2.1534,Gràcia,1.083
2019-11-01,41.4261,2.148,Vall Hebron,1.000
2019-11-02,41.4261,2.148,Vall Hebron,1.000
2019-11-03,41.4261,2.148,Vall Hebron,1.083
2019-11-04,41.4261,2.148,Vall Hebron,1.043
2019-11-05,41.4261,2.148,Vall Hebron,1.000
2019-11-06,41.4261,2.148,Vall Hebron,1.000
2019-11-07,41.4261,2.148,Vall Hebron,1.136
2019-11-08,41.4261,2.148,Vall Hebron,1.000
2019-11-09,41.4261,2.148,Vall Hebron,1.000
2019-11-10,41.4261,2.148,Vall Hebron,1.000
2019-11-11,41.4261,2.148,Vall Hebron,1.000
2019-11-12,41.4261,2.148,Vall Hebron,1.087
2019-11-13,41.4261,2.148,Vall Hebron,1.000
2019-11-14,41.4261,2.148,Vall Hebron,1.000
2019-11-15,41.4261,2.148,Vall Hebron,1.000
2019-11-16,41.4261,2.148,Vall Hebron,1.000
2019-11-17,41.4261,2.148,Vall Hebron,1.000
2019-11-18,41.4261,2.148,Vall Hebron,1.000
2019-11-19,41.4261,2.148,Vall Hebron,1.250
2019-11-20,41.4261,2.148,Vall Hebron,1.174
2019-11-21,41.4261,2.148,Vall Hebron,1.217
2019-11-22,41.4261,2.148,Vall Hebron,1.000
2019-11-23,41.4261,2.148,Vall Hebron,1.000
2019-11-24,41.4261,2.148,Vall Hebron,1.042
2019-11-25,41.4261,2.148,Vall Hebron,1.130
2019-11-26,41.4261,2.148,Vall Hebron,1.125
2019-11-27,41.4261,2.148,Vall Hebron,1.333
2019-11-28,41.4261,2.148,Vall Hebron,1.087
2019-11-29,41.4261,2.148,Vall Hebron,1.217
2019-11-30,41.4261,2.148,Vall Hebron,1.042
2019-11-01,41.3875,2.1151,Palau Reial,1.583
2019-11-02,41.3875,2.1151,Palau Reial,1.000
2019-11-03,41.3875,2.1151,Palau Reial,1.083
2019-11-04,41.3875,2.1151,Palau Reial,1.045
2019-11-05,41.3875,2.1151,Palau Reial,1.000
2019-11-06,41.3875,2.1151,Palau Reial,1.000
2019-11-07,41.3875,2.1151,Palau Reial,1.400
2019-11-08,41.3875,2.1151,Palau Reial,1.000
2019-11-09,41.3875,2.1151,Palau Reial,1.000
2019-11-10,41.3875,2.1151,Palau Reial,1.000
2019-11-11,41.3875,2.1151,Palau Reial,1.000
2019-11-12,41.3875,2.1151,Palau Reial,1.095
2019-11-13,41.3875,2.1151,Palau Reial,1.304
2019-11-14,41.3875,2.1151,Palau Reial,1.105
2019-11-18,41.3875,2.1151,Palau Reial,1.538
2019-11-19,41.3875,2.1151,Palau Reial,1.333
2019-11-20,41.3875,2.1151,Palau Reial,1.870
2019-11-21,41.3875,2.1151,Palau Reial,1.478
2019-11-22,41.3875,2.1151,Palau Reial,1.458
2019-11-23,41.3875,2.1151,Palau Reial,1.125
2019-11-24,41.3875,2.1151,Palau Reial,1.208
2019-11-25,41.3875,2.1151,Palau Reial,1.400
2019-11-26,41.3875,2.1151,Palau Reial,1.167
2019-11-27,41.3875,2.1151,Palau Reial,1.250
2019-11-28,41.3875,2.1151,Palau Reial,1.136
2019-11-29,41.3875,2.1151,Palau Reial,1.087
2019-11-30,41.3875,2.1151,Palau Reial,1.000
2019-12-01,41.3853,2.1538,Eixample,1.478
2019-12-02,41.3853,2.1538,Eixample,2.417
2019-12-03,41.3853,2.1538,Eixample,1.261
2019-12-04,41.3853,2.1538,Eixample,1.105
2019-12-05,41.3853,2.1538,Eixample,1.000
2019-12-06,41.3853,2.1538,Eixample,1.000
2019-12-09,41.3853,2.1538,Eixample,1.000
2019-12-10,41.3853,2.1538,Eixample,1.000
2019-12-11,41.3853,2.1538,Eixample,1.000
2019-12-12,41.3853,2.1538,Eixample,1.000
2019-12-13,41.3853,2.1538,Eixample,1.000
2019-12-14,41.3853,2.1538,Eixample,1.000
2019-12-15,41.3853,2.1538,Eixample,1.000
2019-12-16,41.3853,2.1538,Eixample,1.636
2019-12-17,41.3853,2.1538,Eixample,1.435
2019-12-18,41.3853,2.1538,Eixample,1.130
2019-12-19,41.3853,2.1538,Eixample,1.391
2019-12-20,41.3853,2.1538,Eixample,1.250
2019-12-21,41.3853,2.1538,Eixample,1.917
2019-12-22,41.3853,2.1538,Eixample,1.958
2019-12-23,41.3853,2.1538,Eixample,1.917
2019-12-24,41.3853,2.1538,Eixample,1.739
2019-12-25,41.3853,2.1538,Eixample,2.957
2019-12-26,41.3853,2.1538,Eixample,2.087
2019-12-27,41.3853,2.1538,Eixample,1.708
2019-12-28,41.3853,2.1538,Eixample,5.000
2019-12-29,41.3853,2.1538,Eixample,1.304
2019-12-30,41.3853,2.1538,Eixample,1.174
2019-12-31,41.3853,2.1538,Eixample,1.000
2019-12-01,41.3987,2.1534,Gràcia,1.043
2019-12-02,41.3987,2.1534,Gràcia,1.542
2019-12-03,41.3987,2.1534,Gràcia,1.391
2019-12-04,41.3987,2.1534,Gràcia,1.043
2019-12-05,41.3987,2.1534,Gràcia,1.188
2019-12-06,41.3987,2.1534,Gràcia,2.000
2019-12-09,41.3987,2.1534,Gràcia,1.174
2019-12-10,41.3987,2.1534,Gràcia,1.917
2019-12-11,41.3987,2.1534,Gràcia,1.348
2019-12-12,41.3987,2.1534,Gràcia,1.130
2019-12-13,41.3987,2.1534,Gràcia,1.000
2019-12-14,41.3987,2.1534,Gràcia,1.043
2019-12-15,41.3987,2.1534,Gràcia,1.000
2019-12-16,41.3987,2.1534,Gràcia,1.217
2019-12-17,41.3987,2.1534,Gràcia,1.235
2019-12-18,41.3987,2.1534,Gràcia,1.000
2019-12-19,41.3987,2.1534,Gràcia,1.435
2019-12-20,41.3987,2.1534,Gràcia,1.000
2019-12-21,41.3987,2.1534,Gràcia,1.000
2019-12-22,41.3987,2.1534,Gràcia,1.000
2019-12-23,41.3987,2.1534,Gràcia,1.167
2019-12-24,41.3987,2.1534,Gràcia,1.174
2019-12-25,41.3987,2.1534,Gràcia,1.478
2019-12-26,41.3987,2.1534,Gràcia,1.435
2019-12-27,41.3987,2.1534,Gràcia,1.458
2019-12-28,41.3987,2.1534,Gràcia,1.217
2019-12-29,41.3987,2.1534,Gràcia,1.000
2019-12-30,41.3987,2.1534,Gràcia,1.000
2019-12-31,41.3987,2.1534,Gràcia,1.087
2019-12-01,41.4261,2.148,Vall Hebron,1.000
2019-12-02,41.4261,2.148,Vall Hebron,1.167
2019-12-03,41.4261,2.148,Vall Hebron,1.000
2019-12-04,41.4261,2.148,Vall Hebron,1.350
2019-12-05,41.4261,2.148,Vall Hebron,2.000
2019-12-06,41.4261,2.148,Vall Hebron,2.000
2019-12-09,41.4261,2.148,Vall Hebron,2.087
2019-12-10,41.4261,2.148,Vall Hebron,2.625
2019-12-11,41.4261,2.148,Vall Hebron,2.609
2019-12-12,41.4261,2.148,Vall Hebron,2.739
2019-12-13,41.4261,2.148,Vall Hebron,2.208
2019-12-14,41.4261,2.148,Vall Hebron,2.391
2019-12-15,41.4261,2.148,Vall Hebron,2.826
2019-12-16,41.4261,2.148,Vall Hebron,1.947
2019-12-17,41.4261,2.148,Vall Hebron,1.304
2019-12-18,41.4261,2.148,Vall Hebron,1.130
2019-12-19,41.4261,2.148,Vall Hebron,1.391
2019-12-20,41.4261,2.148,Vall Hebron,1.083
2019-12-21,41.4261,2.148,Vall Hebron,1.333
2019-12-22,41.4261,2.148,Vall Hebron,1.042
2019-12-23,41.4261,2.148,Vall Hebron,1.667
2019-12-24,41.4261,2.148,Vall Hebron,1.826
2019-12-25,41.4261,2.148,Vall Hebron,2.176
2019-12-26,41.4261,2.148,Vall Hebron,2.000
2019-12-27,41.4261,2.148,Vall Hebron,2.083
2019-12-28,41.4261,2.148,Vall Hebron,2.174
2019-12-29,41.4261,2.148,Vall Hebron,1.826
2019-12-30,41.4261,2.148,Vall Hebron,1.870
2019-12-31,41.4261,2.148,Vall Hebron,1.783
2019-12-01,41.3875,2.1151,Palau Reial,1.000
2019-12-02,41.3875,2.1151,Palau Reial,1.300
2019-12-03,41.3875,2.1151,Palau Reial,1.000
2019-12-04,41.3875,2.1151,Palau Reial,1.000
2019-12-05,41.3875,2.1151,Palau Reial,1.000
2019-12-06,41.3875,2.1151,Palau Reial,1.000
2019-12-09,41.3875,2.1151,Palau Reial,1.043
2019-12-10,41.3875,2.1151,Palau Reial,1.000
2019-12-17,41.3875,2.1151,Palau Reial,3.000
2019-12-18,41.3875,2.1151,Palau Reial,2.261
2019-12-19,41.3875,2.1151,Palau Reial,2.304
2019-12-20,41.3875,2.1151,Palau Reial,2.042
2019-12-21,41.3875,2.1151,Palau Reial,2.000
2019-12-22,41.3875,2.1151,Palau Reial,2.000
2019-12-23,41.3875,2.1151,Palau Reial,2.292
2019-12-24,41.3875,2.1151,Palau Reial,2.130
2019-12-25,41.3875,2.1151,Palau Reial,2.043
2019-12-26,41.3875,2.1151,Palau Reial,2.043
2019-12-27,41.3875,2.1151,Palau Reial,2.208
2019-12-28,41.3875,2.1151,Palau Reial,2.435
2019-12-29,41.3875,2.1151,Palau Reial,2.000
2019-12-30,41.3875,2.1151,Palau Reial,2.087
2019-12-31,41.3875,2.1151,Palau Reial,2.000
2020-01-01,41.3853,2.1538,Eixample,1.000
2020-01-02,41.3853,2.1538,Eixample,1.000
2020-01-03,41.3853,2.1538,Eixample,1.304
2020-01-04,41.3853,2.1538,Eixample,1.522
2020-01-05,41.3853,2.1538,Eixample,1.417
2020-01-06,41.3853,2.1538,Eixample,1.217
2020-01-07,41.3853,2.1538,Eixample,1.524
2020-01-08,41.3853,2.1538,Eixample,3.174
2020-01-09,41.3853,2.1538,Eixample,2.174
2020-01-10,41.3853,2.1538,Eixample,1.261
2020-01-11,41.3853,2.1538,Eixample,1.000
2020-01-12,41.3853,2.1538,Eixample,1.130
2020-01-13,41.3853,2.1538,Eixample,1.125
2020-01-14,41.3853,2.1538,Eixample,1.826
2020-01-15,41.3853,2.1538,Eixample,3.227
2020-01-16,41.3853,2.1538,Eixample,2.833
2020-01-17,41.3853,2.1538,Eixample,1.435
2020-01-18,41.3853,2.1538,Eixample,1.125
2020-01-19,41.3853,2.1538,Eixample,1.042
2020-01-20,41.3853,2.1538,Eixample,1.000
2020-01-21,41.3853,2.1538,Eixample,1.000
2020-01-22,41.3853,2.1538,Eixample,1.043
2020-01-23,41.3853,2.1538,Eixample,1.478
2020-01-24,41.3853,2.1538,Eixample,2.435
2020-01-27,41.3853,2.1538,Eixample,1.000
2020-01-28,41.3853,2.1538,Eixample,1.087
2020-01-29,41.3853,2.1538,Eixample,2.375
2020-01-30,41.3853,2.1538,Eixample,1.955
2020-01-31,41.3853,2.1538,Eixample,3.000
2020-01-01,41.3987,2.1534,Gràcia,1.000
2020-01-02,41.3987,2.1534,Gràcia,1.130
2020-01-03,41.3987,2.1534,Gràcia,1.913
2020-01-04,41.3987,2.1534,Gràcia,2.391
2020-01-05,41.3987,2.1534,Gràcia,2.833
2020-01-06,41.3987,2.1534,Gràcia,2.261
2020-01-07,41.3987,2.1534,Gràcia,3.565
2020-01-08,41.3987,2.1534,Gràcia,2.762
2020-01-09,41.3987,2.1534,Gràcia,2.304
2020-01-10,41.3987,2.1534,Gràcia,1.261
2020-01-11,41.3987,2.1534,Gràcia,1.000
2020-01-12,41.3987,2.1534,Gràcia,1.478
2020-01-13,41.3987,2.1534,Gràcia,1.458
2020-01-14,41.3987,2.1534,Gràcia,1.609
2020-01-15,41.3987,2.1534,Gràcia,1.783
2020-01-16,41.3987,2.1534,Gràcia,1.708
2020-01-17,41.3987,2.1534,Gràcia,1.304
2020-01-18,41.3987,2.1534,Gràcia,1.208
2020-01-19,41.3987,2.1534,Gràcia,1.042
2020-01-20,41.3987,2.1534,Gràcia,1.043
2020-01-21,41.3987,2.1534,Gràcia,1.889
2020-01-22,41.3987,2.1534,Gràcia,1.565
2020-01-23,41.3987,2.1534,Gràcia,2.174
2020-01-24,41.3987,2.1534,Gràcia,3.174
2020-01-27,41.3987,2.1534,Gràcia,2.783
2020-01-28,41.3987,2.1534,Gràcia,3.043
2020-01-29,41.3987,2.1534,Gràcia,4.083
2020-01-30,41.3987,2.1534,Gràcia,4.292
2020-01-31,41.3987,2.1534,Gràcia,5.783
2020-01-01,41.4261,2.148,Vall Hebron,2.083
2020-01-02,41.4261,2.148,Vall Hebron,2.048
2020-01-03,41.4261,2.148,Vall Hebron,2.130
2020-01-04,41.4261,2.148,Vall Hebron,2.174
2020-01-05,41.4261,2.148,Vall Hebron,1.958
2020-01-06,41.4261,2.148,Vall Hebron,2.130
2020-01-07,41.4261,2.148,Vall Hebron,2.217
2020-01-08,41.4261,2.148,Vall Hebron,2.043
2020-01-09,41.4261,2.148,Vall Hebron,2.130
2020-01-10,41.4261,2.148,Vall Hebron,1.478
2020-01-11,41.4261,2.148,Vall Hebron,1.913
2020-01-12,41.4261,2.148,Vall Hebron,1.783
2020-01-13,41.4261,2.148,Vall Hebron,2.000
2020-01-14,41.4261,2.148,Vall Hebron,1.500
2020-01-15,41.4261,2.148,Vall Hebron,1.217
2020-01-16,41.4261,2.148,Vall Hebron,1.458
2020-01-17,41.4261,2.148,Vall Hebron,1.043
2020-01-18,41.4261,2.148,Vall Hebron,1.000
2020-01-19,41.4261,2.148,Vall Hebron,1.000
2020-01-20,41.4261,2.148,Vall Hebron,1.000
2020-01-21,41.4261,2.148,Vall Hebron,1.000
2020-01-22,41.4261,2.148,Vall Hebron,1.000
2020-01-23,41.4261,2.148,Vall Hebron,1.043
2020-01-24,41.4261,2.148,Vall Hebron,1.130
2020-01-27,41.4261,2.148,Vall Hebron,1.130
2020-01-28,41.4261,2.148,Vall Hebron,1.000
2020-01-29,41.4261,2.148,Vall Hebron,1.130
2020-01-30,41.4261,2.148,Vall Hebron,1.042
2020-01-31,41.4261,2.148,Vall Hebron,1.087
2020-01-01,41.3875,2.1151,Palau Reial,2.174
2020-01-02,41.3875,2.1151,Palau Reial,1.727
2020-01-03,41.3875,2.1151,Palau Reial,1.000
2020-01-04,41.3875,2.1151,Palau Reial,1.000
2020-01-05,41.3875,2.1151,Palau Reial,1.043
2020-01-06,41.3875,2.1151,Palau Reial,1.000
2020-01-07,41.3875,2.1151,Palau Reial,1.000
2020-01-08,41.3875,2.1151,Palau Reial,1.087
2020-01-09,41.3875,2.1151,Palau Reial,1.043
2020-01-10,41.3875,2.1151,Palau Reial,1.000
2020-01-11,41.3875,2.1151,Palau Reial,1.000
2020-01-12,41.3875,2.1151,Palau Reial,1.000
2020-01-13,41.3875,2.1151,Palau Reial,1.000
2020-01-14,41.3875,2.1151,Palau Reial,1.000
2020-01-15,41.3875,2.1151,Palau Reial,1.130
2020-01-16,41.3875,2.1151,Palau Reial,1.125
2020-01-17,41.3875,2.1151,Palau Reial,1.000
2020-01-18,41.3875,2.1151,Palau Reial,1.000
2020-01-19,41.3875,2.1151,Palau Reial,1.000
2020-01-20,41.3875,2.1151,Palau Reial,1.000
2020-01-21,41.3875,2.1151,Palau Reial,1.000
2020-01-22,41.3875,2.1151,Palau Reial,1.000
2020-01-23,41.3875,2.1151,Palau Reial,1.000
2020-01-24,41.3875,2.1151,Palau Reial,2.444
2020-01-27,41.3875,2.1151,Palau Reial,1.000
2020-01-28,41.3875,2.1151,Palau Reial,1.000
2020-01-29,41.3875,2.1151,Palau Reial,1.000
2020-01-30,41.3875,2.1151,Palau Reial,1.100
2020-01-31,41.3875,2.1151,Palau Reial,1.087
2020-02-01,41.3853,2.1538,Eixample,1.917
2020-02-02,41.3853,2.1538,Eixample,1.708
2020-02-03,41.3853,2.1538,Eixample,2.696
2020-02-04,41.3853,2.1538,Eixample,1.167
2020-02-05,41.3853,2.1538,Eixample,1.167
2020-02-06,41.3853,2.1538,Eixample,1.478
2020-02-07,41.3853,2.1538,Eixample,1.917
2020-02-08,41.3853,2.1538,Eixample,1.292
2020-02-09,41.3853,2.1538,Eixample,1.292
2020-02-10,41.3853,2.1538,Eixample,1.375
2020-02-11,41.3853,2.1538,Eixample,1.435
2020-02-12,41.3853,2.1538,Eixample,1.000
2020-02-13,41.3853,2.1538,Eixample,1.174
2020-02-14,41.3853,2.1538,Eixample,1.870
2020-02-15,41.3853,2.1538,Eixample,1.083
2020-02-16,41.3853,2.1538,Eixample,1.000
2020-02-17,41.3853,2.1538,Eixample,1.542
2020-02-18,41.3853,2.1538,Eixample,1.522
2020-02-19,41.3853,2.1538,Eixample,1.739
2020-02-20,41.3853,2.1538,Eixample,1.792
2020-02-21,41.3853,2.1538,Eixample,2.667
2020-02-22,41.3853,2.1538,Eixample,1.739
2020-02-23,41.3853,2.1538,Eixample,1.958
2020-02-24,41.3853,2.1538,Eixample,2.130
2020-02-25,41.3853,2.1538,Eixample,1.522
2020-02-26,41.3853,2.1538,Eixample,1.000
2020-02-27,41.3853,2.1538,Eixample,1.000
2020-02-28,41.3853,2.1538,Eixample,1.087
2020-02-29,41.3853,2.1538,Eixample,1.000
2020-02-01,41.3987,2.1534,Gràcia,4.792
2020-02-02,41.3987,2.1534,Gràcia,4.625
2020-02-03,41.3987,2.1534,Gràcia,5.565
2020-02-04,41.3987,2.1534,Gràcia,3.190
2020-02-05,41.3987,2.1534,Gràcia,1.583
2020-02-06,41.3987,2.1534,Gràcia,1.783
2020-02-07,41.3987,2.1534,Gràcia,1.833
2020-02-08,41.3987,2.1534,Gràcia,1.833
2020-02-09,41.3987,2.1534,Gràcia,1.792
2020-02-10,41.3987,2.1534,Gràcia,1.583
2020-02-11,41.3987,2.1534,Gràcia,2.130
2020-02-12,41.3987,2.1534,Gràcia,1.000
2020-02-13,41.3987,2.1534,Gràcia,1.696
2020-02-14,41.3987,2.1534,Gràcia,2.130
2020-02-15,41.3987,2.1534,Gràcia,1.958
2020-02-16,41.3987,2.1534,Gràcia,1.913
2020-02-17,41.3987,2.1534,Gràcia,1.958
2020-02-18,41.3987,2.1534,Gràcia,2.043
2020-02-19,41.3987,2.1534,Gràcia,2.304
2020-02-20,41.3987,2.1534,Gràcia,2.583
2020-02-21,41.3987,2.1534,Gràcia,3.375
2020-02-22,41.3987,2.1534,Gràcia,2.609
2020-02-23,41.3987,2.1534,Gràcia,3.042
2020-02-24,41.3987,2.1534,Gràcia,3.652
2020-02-25,41.3987,2.1534,Gràcia,3.143
2020-02-26,41.3987,2.1534,Gràcia,2.167
2020-02-27,41.3987,2.1534,Gràcia,2.348
2020-02-28,41.3987,2.1534,Gràcia,2.391
2020-02-29,41.3987,2.1534,Gràcia,2.043
2020-02-01,41.4261,2.148,Vall Hebron,1.042
2020-02-02,41.4261,2.148,Vall Hebron,1.042
2020-02-03,41.4261,2.148,Vall Hebron,1.174
2020-02-04,41.4261,2.148,Vall Hebron,1.000
2020-02-05,41.4261,2.148,Vall Hebron,1.000
2020-02-06,41.4261,2.148,Vall Hebron,1.217
2020-02-07,41.4261,2.148,Vall Hebron,1.083
2020-02-08,41.4261,2.148,Vall Hebron,1.042
2020-02-09,41.4261,2.148,Vall Hebron,1.000
2020-02-10,41.4261,2.148,Vall Hebron,1.000
2020-02-11,41.4261,2.148,Vall Hebron,1.000
2020-02-12,41.4261,2.148,Vall Hebron,1.000
2020-02-13,41.4261,2.148,Vall Hebron,1.043
2020-02-14,41.4261,2.148,Vall Hebron,1.000
2020-02-15,41.4261,2.148,Vall Hebron,1.000
2020-02-16,41.4261,2.148,Vall Hebron,1.000
2020-02-17,41.4261,2.148,Vall Hebron,1.083
2020-02-18,41.4261,2.148,Vall Hebron,1.174
2020-02-19,41.4261,2.148,Vall Hebron,1.348
2020-02-20,41.4261,2.148,Vall Hebron,1.667
2020-02-21,41.4261,2.148,Vall Hebron,1.750
2020-02-22,41.4261,2.148,Vall Hebron,1.478
2020-02-23,41.4261,2.148,Vall Hebron,1.417
2020-02-24,41.4261,2.148,Vall Hebron,1.522
2020-02-25,41.4261,2.148,Vall Hebron,1.000
2020-02-26,41.4261,2.148,Vall Hebron,1.083
2020-02-27,41.4261,2.148,Vall Hebron,1.174
2020-02-28,41.4261,2.148,Vall Hebron,1.000
2020-02-29,41.4261,2.148,Vall Hebron,1.130
2020-02-01,41.3875,2.1151,Palau Reial,1.000
2020-02-02,41.3875,2.1151,Palau Reial,1.000
2020-02-03,41.3875,2.1151,Palau Reial,1.217
2020-02-04,41.3875,2.1151,Palau Reial,1.000
2020-02-05,41.3875,2.1151,Palau Reial,1.000
2020-02-06,41.3875,2.1151,Palau Reial,1.045
2020-02-07,41.3875,2.1151,Palau Reial,1.000
2020-02-08,41.3875,2.1151,Palau Reial,1.000
2020-02-09,41.3875,2.1151,Palau Reial,1.000
2020-02-10,41.3875,2.1151,Palau Reial,1.000
2020-02-11,41.3875,2.1151,Palau Reial,1.000
2020-02-12,41.3875,2.1151,Palau Reial,1.000
2020-02-13,41.3875,2.1151,Palau Reial,1.000
2020-02-14,41.3875,2.1151,Palau Reial,1.000
2020-02-15,41.3875,2.1151,Palau Reial,1.000
2020-02-16,41.3875,2.1151,Palau Reial,1.000
2020-02-17,41.3875,2.1151,Palau Reial,1.000
2020-02-18,41.3875,2.1151,Palau Reial,1.000
2020-02-19,41.3875,2.1151,Palau Reial,1.000
2020-02-20,41.3875,2.1151,Palau Reial,1.130
2020-02-21,41.3875,2.1151,Palau Reial,1.208
2020-02-22,41.3875,2.1151,Palau Reial,1.000
2020-02-23,41.3875,2.1151,Palau Reial,1.042
2020-02-24,41.3875,2.1151,Palau Reial,1.043
2020-02-25,41.3875,2.1151,Palau Reial,1.043
2020-02-26,41.3875,2.1151,Palau Reial,1.000
2020-02-27,41.3875,2.1151,Palau Reial,1.000
2020-02-28,41.3875,2.1151,Palau Reial,1.000
2020-02-29,41.3875,2.1151,Palau Reial,1.000
2020-03-01,41.3853,2.1538,Eixample,1.000
2020-03-02,41.3853,2.1538,Eixample,9.348
2020-03-03,41.3853,2.1538,Eixample,1.000
2020-03-04,41.3853,2.1538,Eixample,1.522
2020-03-05,41.3853,2.1538,Eixample,1.348
2020-03-06,41.3853,2.1538,Eixample,1.174
2020-03-07,41.3853,2.1538,Eixample,1.043
2020-03-08,41.3853,2.1538,Eixample,1.208
2020-03-09,41.3853,2.1538,Eixample,2.217
2020-03-10,41.3853,2.1538,Eixample,1.250
2020-03-11,41.3853,2.1538,Eixample,1.739
2020-03-12,41.3853,2.1538,Eixample,2.217
2020-03-13,41.3853,2.1538,Eixample,1.522
2020-03-14,41.3853,2.1538,Eixample,1.130
2020-03-15,41.3853,2.1538,Eixample,1.000
2020-03-16,41.3853,2.1538,Eixample,1.000
2020-03-17,41.3853,2.1538,Eixample,1.000
2020-03-18,41.3853,2.1538,Eixample,1.087
2020-03-19,41.3853,2.1538,Eixample,1.318
2020-03-20,41.3853,2.1538,Eixample,1.957
2020-03-21,41.3853,2.1538,Eixample,2.125
2020-03-22,41.3853,2.1538,Eixample,2.043
2020-03-23,41.3853,2.1538,Eixample,2.000
2020-03-24,41.3853,2.1538,Eixample,2.000
2020-03-25,41.3853,2.1538,Eixample,2.000
2020-03-26,41.3853,2.1538,Eixample,2.042
2020-03-27,41.3853,2.1538,Eixample,2.375
2020-03-28,41.3853,2.1538,Eixample,2.304
2020-03-29,41.3853,2.1538,Eixample,2.478
2020-03-30,41.3853,2.1538,Eixample,2.043
2020-03-31,41.3853,2.1538,Eixample,2.000
2020-03-01,41.3987,2.1534,Gràcia,1.957
2020-03-02,41.3987,2.1534,Gràcia,1.087
2020-03-03,41.3987,2.1534,Gràcia,2.217
2020-03-04,41.3987,2.1534,Gràcia,2.217
2020-03-05,41.3987,2.1534,Gràcia,3.043
2020-03-06,41.3987,2.1534,Gràcia,2.304
2020-03-07,41.3987,2.1534,Gràcia,2.957
2020-03-08,41.3987,2.1534,Gràcia,2.833
2020-03-09,41.3987,2.1534,Gràcia,2.348
2020-03-10,41.3987,2.1534,Gràcia,1.955
2020-03-11,41.3987,2.1534,Gràcia,2.522
2020-03-12,41.3987,2.1534,Gràcia,3.478
2020-03-13,41.3987,2.1534,Gràcia,2.957
2020-03-14,41.3987,2.1534,Gràcia,2.217
2020-03-15,41.3987,2.1534,Gràcia,1.458
2020-03-16,41.3987,2.1534,Gràcia,1.217
2020-03-17,41.3987,2.1534,Gràcia,2.083
2020-03-18,41.3987,2.1534,Gràcia,2.652
2020-03-19,41.3987,2.1534,Gràcia,2.304
2020-03-20,41.3987,2.1534,Gràcia,1.714
2020-03-21,41.3987,2.1534,Gràcia,1.583
2020-03-22,41.3987,2.1534,Gràcia,2.130
2020-03-23,41.3987,2.1534,Gràcia,2.391
2020-03-24,41.3987,2.1534,Gràcia,3.292
2020-03-25,41.3987,2.1534,Gràcia,3.625
2020-03-26,41.3987,2.1534,Gràcia,3.625
2020-03-27,41.3987,2.1534,Gràcia,3.333
2020-03-28,41.3987,2.1534,Gràcia,3.348
2020-03-29,41.3987,2.1534,Gràcia,3.652
2020-03-30,41.3987,2.1534,Gràcia,3.087
2020-03-31,41.3987,2.1534,Gràcia,3.696
2020-03-01,41.4261,2.148,Vall Hebron,1.000
2020-03-02,41.4261,2.148,Vall Hebron,1.174
2020-03-03,41.4261,2.148,Vall Hebron,1.739
2020-03-04,41.4261,2.148,Vall Hebron,1.522
2020-03-05,41.4261,2.148,Vall Hebron,1.304
2020-03-06,41.4261,2.148,Vall Hebron,1.043
2020-03-07,41.4261,2.148,Vall Hebron,1.783
2020-03-08,41.4261,2.148,Vall Hebron,1.292
2020-03-09,41.4261,2.148,Vall Hebron,1.304
2020-03-10,41.4261,2.148,Vall Hebron,1.095
2020-03-11,41.4261,2.148,Vall Hebron,1.000
2020-03-12,41.4261,2.148,Vall Hebron,1.348
2020-03-13,41.4261,2.148,Vall Hebron,1.000
2020-03-14,41.4261,2.148,Vall Hebron,1.000
2020-03-15,41.4261,2.148,Vall Hebron,1.000
2020-03-16,41.4261,2.148,Vall Hebron,1.000
2020-03-17,41.4261,2.148,Vall Hebron,1.000
2020-03-18,41.4261,2.148,Vall Hebron,1.043
2020-03-19,41.4261,2.148,Vall Hebron,1.000
2020-03-20,41.4261,2.148,Vall Hebron,1.000
2020-03-21,41.4261,2.148,Vall Hebron,1.000
2020-03-22,41.4261,2.148,Vall Hebron,1.000
2020-03-23,41.4261,2.148,Vall Hebron,1.000
2020-03-24,41.4261,2.148,Vall Hebron,1.000
2020-03-25,41.4261,2.148,Vall Hebron,1.000
2020-03-26,41.4261,2.148,Vall Hebron,1.000
2020-03-27,41.4261,2.148,Vall Hebron,1.000
2020-03-28,41.4261,2.148,Vall Hebron,1.000
2020-03-29,41.4261,2.148,Vall Hebron,1.000
2020-03-30,41.4261,2.148,Vall Hebron,1.000
2020-03-31,41.4261,2.148,Vall Hebron,1.000
2020-03-01,41.3875,2.1151,Palau Reial,1.000
2020-03-02,41.3875,2.1151,Palau Reial,1.000
2020-03-03,41.3875,2.1151,Palau Reial,1.000
2020-03-04,41.3875,2.1151,Palau Reial,1.000
2020-03-05,41.3875,2.1151,Palau Reial,1.217
2020-03-06,41.3875,2.1151,Palau Reial,1.000
2020-03-07,41.3875,2.1151,Palau Reial,1.000
2020-03-08,41.3875,2.1151,Palau Reial,1.000
2020-03-09,41.3875,2.1151,Palau Reial,1.087
2020-03-10,41.3875,2.1151,Palau Reial,1.000
2020-03-11,41.3875,2.1151,Palau Reial,1.190
2020-03-12,41.3875,2.1151,Palau Reial,1.300
2020-03-13,41.3875,2.1151,Palau Reial,1.333
2020-03-14,41.3875,2.1151,Palau Reial,1.043
2020-03-15,41.3875,2.1151,Palau Reial,1.000
2020-03-16,41.3875,2.1151,Palau Reial,1.000
2020-03-17,41.3875,2.1151,Palau Reial,1.000
2020-03-18,41.3875,2.1151,Palau Reial,1.000
2020-03-19,41.3875,2.1151,Palau Reial,1.130
2020-03-20,41.3875,2.1151,Palau Reial,1.000
2020-03-21,41.3875,2.1151,Palau Reial,1.000
2020-03-22,41.3875,2.1151,Palau Reial,1.000
2020-03-23,41.3875,2.1151,Palau Reial,1.000
2020-03-24,41.3875,2.1151,Palau Reial,1.000
2020-03-25,41.3875,2.1151,Palau Reial,1.048
2020-03-26,41.3875,2.1151,Palau Reial,1.000
2020-03-27,41.3875,2.1151,Palau Reial,1.000
2020-03-28,41.3875,2.1151,Palau Reial,1.087
2020-03-29,41.3875,2.1151,Palau Reial,1.304
2020-03-30,41.3875,2.1151,Palau Reial,1.000
2020-03-31,41.3875,2.1151,Palau Reial,1.000
2020-04-01,41.3853,2.1538,Eixample,1.875
2020-04-02,41.3853,2.1538,Eixample,1.417
2020-04-03,41.3853,2.1538,Eixample,1.250
2020-04-04,41.3853,2.1538,Eixample,1.304
2020-04-05,41.3853,2.1538,Eixample,1.375
2020-04-06,41.3853,2.1538,Eixample,1.136
2020-04-07,41.3853,2.1538,Eixample,1.000
2020-04-08,41.3853,2.1538,Eixample,1.217
2020-04-09,41.3853,2.1538,Eixample,1.000
2020-04-10,41.3853,2.1538,Eixample,1.292
2020-04-11,41.3853,2.1538,Eixample,1.000
2020-04-12,41.3853,2.1538,Eixample,1.000
2020-04-13,41.3853,2.1538,Eixample,1.000
2020-04-14,41.3853,2.1538,Eixample,1.000
2020-04-15,41.3853,2.1538,Eixample,1.000
2020-04-16,41.3853,2.1538,Eixample,1.000
2020-04-17,41.3853,2.1538,Eixample,1.000
2020-04-18,41.3853,2.1538,Eixample,1.000
2020-04-19,41.3853,2.1538,Eixample,1.000
2020-04-20,41.3853,2.1538,Eixample,1.000
2020-04-21,41.3853,2.1538,Eixample,1.000
2020-04-22,41.3853,2.1538,Eixample,1.048
2020-04-23,41.3853,2.1538,Eixample,1.000
2020-04-24,41.3853,2.1538,Eixample,1.087
2020-04-25,41.3853,2.1538,Eixample,1.130
2020-04-26,41.3853,2.1538,Eixample,1.083
2020-04-27,41.3853,2.1538,Eixample,1.000
2020-04-28,41.3853,2.1538,Eixample,1.000
2020-04-29,41.3853,2.1538,Eixample,1.000
2020-04-30,41.3853,2.1538,Eixample,1.087
2020-04-01,41.3987,2.1534,Gràcia,3.625
2020-04-02,41.3987,2.1534,Gràcia,3.167
2020-04-03,41.3987,2.1534,Gràcia,2.917
2020-04-04,41.3987,2.1534,Gràcia,3.435
2020-04-05,41.3987,2.1534,Gràcia,3.375
2020-04-06,41.3987,2.1534,Gràcia,2.045
2020-04-07,41.3987,2.1534,Gràcia,1.000
2020-04-08,41.3987,2.1534,Gràcia,1.174
2020-04-09,41.3987,2.1534,Gràcia,1.000
2020-04-10,41.3987,2.1534,Gràcia,1.083
2020-04-11,41.3987,2.1534,Gràcia,1.000
2020-04-12,41.3987,2.1534,Gràcia,1.000
2020-04-13,41.3987,2.1534,Gràcia,1.000
2020-04-14,41.3987,2.1534,Gràcia,1.000
2020-04-15,41.3987,2.1534,Gràcia,1.000
2020-04-16,41.3987,2.1534,Gràcia,1.000
2020-04-17,41.3987,2.1534,Gràcia,1.174
2020-04-18,41.3987,2.1534,Gràcia,1.000
2020-04-19,41.3987,2.1534,Gràcia,1.000
2020-04-20,41.3987,2.1534,Gràcia,1.000
2020-04-21,41.3987,2.1534,Gràcia,1.000
2020-04-22,41.3987,2.1534,Gràcia,1.000
2020-04-23,41.3987,2.1534,Gràcia,1.545
2020-04-24,41.3987,2.1534,Gràcia,1.565
2020-04-25,41.3987,2.1534,Gràcia,1.261
2020-04-26,41.3987,2.1534,Gràcia,1.208
2020-04-27,41.3987,2.1534,Gràcia,1.250
2020-04-28,41.3987,2.1534,Gràcia,1.000
2020-04-29,41.3987,2.1534,Gràcia,1.333
2020-04-30,41.3987,2.1534,Gràcia,1.565
2020-04-01,41.4261,2.148,Vall Hebron,1.000
2020-04-02,41.4261,2.148,Vall Hebron,1.000
2020-04-03,41.4261,2.148,Vall Hebron,1.000
2020-04-04,41.4261,2.148,Vall Hebron,1.000
2020-04-05,41.4261,2.148,Vall Hebron,1.000
2020-04-06,41.4261,2.148,Vall Hebron,1.000
2020-04-07,41.4261,2.148,Vall Hebron,1.000
2020-04-08,41.4261,2.148,Vall Hebron,1.043
2020-04-09,41.4261,2.148,Vall Hebron,1.043
2020-04-10,41.4261,2.148,Vall Hebron,1.125
2020-04-11,41.4261,2.148,Vall Hebron,1.000
2020-04-12,41.4261,2.148,Vall Hebron,1.000
2020-04-13,41.4261,2.148,Vall Hebron,1.000
2020-04-14,41.4261,2.148,Vall Hebron,1.000
2020-04-15,41.4261,2.148,Vall Hebron,1.000
2020-04-16,41.4261,2.148,Vall Hebron,1.000
2020-04-17,41.4261,2.148,Vall Hebron,1.000
2020-04-18,41.4261,2.148,Vall Hebron,1.000
2020-04-19,41.4261,2.148,Vall Hebron,1.000
2020-04-20,41.4261,2.148,Vall Hebron,1.000
2020-04-21,41.4261,2.148,Vall Hebron,1.000
2020-04-22,41.4261,2.148,Vall Hebron,1.000
2020-04-23,41.4261,2.148,Vall Hebron,1.042
2020-04-24,41.4261,2.148,Vall Hebron,1.217
2020-04-25,41.4261,2.148,Vall Hebron,1.348
2020-04-26,41.4261,2.148,Vall Hebron,1.042
2020-04-27,41.4261,2.148,Vall Hebron,1.000
2020-04-28,41.4261,2.148,Vall Hebron,1.083
2020-04-29,41.4261,2.148,Vall Hebron,1.167
2020-04-30,41.4261,2.148,Vall Hebron,1.522
2020-04-01,41.3875,2.1151,Palau Reial,1.000
2020-04-02,41.3875,2.1151,Palau Reial,1.000
2020-04-03,41.3875,2.1151,Palau Reial,1.000
2020-04-04,41.3875,2.1151,Palau Reial,1.174
2020-04-05,41.3875,2.1151,Palau Reial,1.125
2020-04-06,41.3875,2.1151,Palau Reial,1.292
2020-04-07,41.3875,2.1151,Palau Reial,1.095
2020-04-08,41.3875,2.1151,Palau Reial,1.348
2020-04-09,41.3875,2.1151,Palau Reial,1.304
2020-04-10,41.3875,2.1151,Palau Reial,1.208
2020-04-11,41.3875,2.1151,Palau Reial,1.250
2020-04-12,41.3875,2.1151,Palau Reial,1.250
2020-04-13,41.3875,2.1151,Palau Reial,1.000
2020-04-14,41.3875,2.1151,Palau Reial,1.167
2020-04-15,41.3875,2.1151,Palau Reial,1.000
2020-04-16,41.3875,2.1151,Palau Reial,1.042
2020-04-17,41.3875,2.1151,Palau Reial,1.000
2020-04-18,41.3875,2.1151,Palau Reial,1.000
2020-04-19,41.3875,2.1151,Palau Reial,1.000
2020-04-20,41.3875,2.1151,Palau Reial,1.000
2020-04-21,41.3875,2.1151,Palau Reial,1.000
2020-04-22,41.3875,2.1151,Palau Reial,1.000
2020-04-23,41.3875,2.1151,Palau Reial,1.000
2020-04-24,41.3875,2.1151,Palau Reial,1.261
2020-04-25,41.3875,2.1151,Palau Reial,1.478
2020-04-26,41.3875,2.1151,Palau Reial,1.292
2020-04-27,41.3875,2.1151,Palau Reial,1.000
2020-04-28,41.3875,2.1151,Palau Reial,1.125
2020-04-29,41.3875,2.1151,Palau Reial,1.208
2020-04-30,41.3875,2.1151,Palau Reial,1.130
2020-05-01,41.3853,2.1538,Eixample,1.000
2020-05-02,41.3853,2.1538,Eixample,1.000
2020-05-03,41.3853,2.1538,Eixample,1.000
2020-05-04,41.3853,2.1538,Eixample,1.696
2020-05-05,41.3853,2.1538,Eixample,1.125
2020-05-06,41.3853,2.1538,Eixample,1.636
2020-05-07,41.3853,2.1538,Eixample,1.583
2020-05-08,41.3853,2.1538,Eixample,1.792
2020-05-09,41.3853,2.1538,Eixample,1.208
2020-05-10,41.3853,2.1538,Eixample,1.348
2020-05-11,41.3853,2.1538,Eixample,1.625
2020-05-12,41.3853,2.1538,Eixample,1.826
2020-05-13,41.3853,2.1538,Eixample,1.043
2020-05-14,41.3853,2.1538,Eixample,1.000
2020-05-15,41.3853,2.1538,Eixample,1.000
2020-05-16,41.3853,2.1538,Eixample,1.000
2020-05-17,41.3853,2.1538,Eixample,1.000
2020-05-18,41.3853,2.1538,Eixample,1.208
2020-05-19,41.3853,2.1538,Eixample,1.304
2020-05-20,41.3853,2.1538,Eixample,1.739
2020-05-21,41.3853,2.1538,Eixample,1.810
2020-05-22,41.3853,2.1538,Eixample,1.458
2020-05-23,41.3853,2.1538,Eixample,1.208
2020-05-24,41.3853,2.1538,Eixample,1.174
2020-05-25,41.3853,2.1538,Eixample,1.696
2020-05-26,41.3853,2.1538,Eixample,1.792
2020-05-27,41.3853,2.1538,Eixample,1.250
2020-05-28,41.3853,2.1538,Eixample,1.292
2020-05-29,41.3853,2.1538,Eixample,1.500
2020-05-30,41.3853,2.1538,Eixample,1.000
2020-05-31,41.3853,2.1538,Eixample,1.125
2020-05-01,41.3987,2.1534,Gràcia,1.348
2020-05-02,41.3987,2.1534,Gràcia,1.417
2020-05-03,41.3987,2.1534,Gràcia,1.042
2020-05-04,41.3987,2.1534,Gràcia,1.739
2020-05-05,41.3987,2.1534,Gràcia,2.042
2020-05-06,41.3987,2.1534,Gràcia,2.348
2020-05-07,41.3987,2.1534,Gràcia,2.000
2020-05-08,41.3987,2.1534,Gràcia,1.696
2020-05-09,41.3987,2.1534,Gràcia,1.125
2020-05-10,41.3987,2.1534,Gràcia,1.348
2020-05-11,41.3987,2.1534,Gràcia,1.333
2020-05-12,41.3987,2.1534,Gràcia,2.217
2020-05-13,41.3987,2.1534,Gràcia,2.087
2020-05-14,41.3987,2.1534,Gràcia,2.043
2020-05-15,41.3987,2.1534,Gràcia,2.208
2020-05-16,41.3987,2.1534,Gràcia,2.333
2020-05-17,41.3987,2.1534,Gràcia,2.083
2020-05-18,41.3987,2.1534,Gràcia,4.583
2020-05-19,41.3987,2.1534,Gràcia,3.043
2020-05-20,41.3987,2.1534,Gràcia,2.333
2020-05-21,41.3987,2.1534,Gràcia,3.000
2020-05-22,41.3987,2.1534,Gràcia,2.542
2020-05-23,41.3987,2.1534,Gràcia,2.333
2020-05-24,41.3987,2.1534,Gràcia,2.348
2020-05-25,41.3987,2.1534,Gràcia,2.609
2020-05-26,41.3987,2.1534,Gràcia,2.750
2020-05-27,41.3987,2.1534,Gràcia,2.750
2020-05-28,41.3987,2.1534,Gràcia,2.625
2020-05-29,41.3987,2.1534,Gràcia,3.667
2020-05-30,41.3987,2.1534,Gràcia,3.478
2020-05-31,41.3987,2.1534,Gràcia,2.833
2020-05-01,41.4261,2.148,Vall Hebron,1.043
2020-05-02,41.4261,2.148,Vall Hebron,1.250
2020-05-03,41.4261,2.148,Vall Hebron,1.042
2020-05-04,41.4261,2.148,Vall Hebron,1.217
2020-05-05,41.4261,2.148,Vall Hebron,1.292
2020-05-06,41.4261,2.148,Vall Hebron,1.435
2020-05-07,41.4261,2.148,Vall Hebron,1.087
2020-05-08,41.4261,2.148,Vall Hebron,1.083
2020-05-09,41.4261,2.148,Vall Hebron,1.000
2020-05-10,41.4261,2.148,Vall Hebron,1.000
2020-05-11,41.4261,2.148,Vall Hebron,1.542
2020-05-12,41.4261,2.148,Vall Hebron,1.043
2020-05-13,41.4261,2.148,Vall Hebron,1.087
2020-05-14,41.4261,2.148,Vall Hebron,1.000
2020-05-15,41.4261,2.148,Vall Hebron,1.125
2020-05-16,41.4261,2.148,Vall Hebron,1.208
2020-05-17,41.4261,2.148,Vall Hebron,1.083
2020-05-18,41.4261,2.148,Vall Hebron,1.542
2020-05-19,41.4261,2.148,Vall Hebron,1.762
2020-05-20,41.4261,2.148,Vall Hebron,1.696
2020-05-21,41.4261,2.148,Vall Hebron,1.783
2020-05-22,41.4261,2.148,Vall Hebron,1.542
2020-05-23,41.4261,2.148,Vall Hebron,1.208
2020-05-24,41.4261,2.148,Vall Hebron,1.043
2020-05-25,41.4261,2.148,Vall Hebron,1.261
2020-05-26,41.4261,2.148,Vall Hebron,1.417
2020-05-27,41.4261,2.148,Vall Hebron,1.417
2020-05-28,41.4261,2.148,Vall Hebron,1.167
2020-05-29,41.4261,2.148,Vall Hebron,1.625
2020-05-30,41.4261,2.148,Vall Hebron,1.000
2020-05-31,41.4261,2.148,Vall Hebron,1.042
2020-05-01,41.3875,2.1151,Palau Reial,1.043
2020-05-02,41.3875,2.1151,Palau Reial,1.333
2020-05-03,41.3875,2.1151,Palau Reial,1.167
2020-05-04,41.3875,2.1151,Palau Reial,1.261
2020-05-05,41.3875,2.1151,Palau Reial,1.125
2020-05-06,41.3875,2.1151,Palau Reial,1.300
2020-05-07,41.3875,2.1151,Palau Reial,1.167
2020-05-08,41.3875,2.1151,Palau Reial,1.250
2020-05-09,41.3875,2.1151,Palau Reial,1.000
2020-05-10,41.3875,2.1151,Palau Reial,1.000
2020-05-11,41.3875,2.1151,Palau Reial,1.042
2020-05-12,41.3875,2.1151,Palau Reial,1.000
2020-05-13,41.3875,2.1151,Palau Reial,1.087
2020-05-14,41.3875,2.1151,Palau Reial,1.000
2020-05-15,41.3875,2.1151,Palau Reial,1.042
2020-05-16,41.3875,2.1151,Palau Reial,1.125
2020-05-17,41.3875,2.1151,Palau Reial,1.208
2020-05-18,41.3875,2.1151,Palau Reial,1.542
2020-05-19,41.3875,2.1151,Palau Reial,1.474
2020-05-20,41.3875,2.1151,Palau Reial,1.783
2020-05-21,41.3875,2.1151,Palau Reial,1.783
2020-05-22,41.3875,2.1151,Palau Reial,1.667
2020-05-23,41.3875,2.1151,Palau Reial,1.417
2020-05-24,41.3875,2.1151,Palau Reial,1.348
2020-05-25,41.3875,2.1151,Palau Reial,1.435
2020-05-26,41.3875,2.1151,Palau Reial,1.625
2020-05-27,41.3875,2.1151,Palau Reial,1.375
2020-05-28,41.3875,2.1151,Palau Reial,1.375
2020-05-29,41.3875,2.1151,Palau Reial,1.583
2020-05-30,41.3875,2.1151,Palau Reial,1.043
2020-05-31,41.3875,2.1151,Palau Reial,1.125
2020-06-01,41.3853,2.1538,Eixample,1.083
2020-06-02,41.3853,2.1538,Eixample,1.364
2020-06-03,41.3853,2.1538,Eixample,1.429
2020-06-04,41.3853,2.1538,Eixample,1.043
2020-06-05,41.3853,2.1538,Eixample,1.000
2020-06-06,41.3853,2.1538,Eixample,1.000
2020-06-07,41.3853,2.1538,Eixample,1.000
2020-06-08,41.3853,2.1538,Eixample,1.000
2020-06-09,41.3853,2.1538,Eixample,1.000
2020-06-10,41.3853,2.1538,Eixample,1.000
2020-06-11,41.3853,2.1538,Eixample,1.000
2020-06-12,41.3853,2.1538,Eixample,1.000
2020-06-13,41.3853,2.1538,Eixample,1.000
2020-06-14,41.3853,2.1538,Eixample,1.000
2020-06-15,41.3853,2.1538,Eixample,1.542
2020-06-16,41.3853,2.1538,Eixample,1.292
2020-06-17,41.3853,2.1538,Eixample,1.261
2020-06-18,41.3853,2.1538,Eixample,1.000
2020-06-19,41.3853,2.1538,Eixample,1.000
2020-06-20,41.3853,2.1538,Eixample,1.000
2020-06-21,41.3853,2.1538,Eixample,1.000
2020-06-22,41.3853,2.1538,Eixample,1.000
2020-06-23,41.3853,2.1538,Eixample,1.000
2020-06-24,41.3853,2.1538,Eixample,1.000
2020-06-25,41.3853,2.1538,Eixample,1.000
2020-06-26,41.3853,2.1538,Eixample,1.000
2020-06-27,41.3853,2.1538,Eixample,1.000
2020-06-28,41.3853,2.1538,Eixample,1.000
2020-06-29,41.3853,2.1538,Eixample,1.000
2020-06-30,41.3853,2.1538,Eixample,1.000
2020-06-01,41.3987,2.1534,Gràcia,3.000
2020-06-02,41.3987,2.1534,Gràcia,3.174
2020-06-03,41.3987,2.1534,Gràcia,3.087
2020-06-04,41.3987,2.1534,Gràcia,3.000
2020-06-05,41.3987,2.1534,Gràcia,3.500
2020-06-06,41.3987,2.1534,Gràcia,3.304
2020-06-07,41.3987,2.1534,Gràcia,3.417
2020-06-08,41.3987,2.1534,Gràcia,3.083
2020-06-09,41.3987,2.1534,Gràcia,2.125
2020-06-10,41.3987,2.1534,Gràcia,3.348
2020-06-11,41.3987,2.1534,Gràcia,2.833
2020-06-12,41.3987,2.1534,Gràcia,2.250
2020-06-13,41.3987,2.1534,Gràcia,2.174
2020-06-14,41.3987,2.1534,Gràcia,3.522
2020-06-15,41.3987,2.1534,Gràcia,3.875
2020-06-16,41.3987,2.1534,Gràcia,3.042
2020-06-17,41.3987,2.1534,Gràcia,3.417
2020-06-18,41.3987,2.1534,Gràcia,3.478
2020-06-19,41.3987,2.1534,Gràcia,2.762
2020-06-20,41.3987,2.1534,Gràcia,2.955
2020-06-21,41.3987,2.1534,Gràcia,3.087
2020-06-22,41.3987,2.1534,Gràcia,3.667
2020-06-23,41.3987,2.1534,Gràcia,3.652
2020-06-24,41.3987,2.1534,Gràcia,3.250
2020-06-25,41.3987,2.1534,Gràcia,3.542
2020-06-26,41.3987,2.1534,Gràcia,3.542
2020-06-27,41.3987,2.1534,Gràcia,2.958
2020-06-28,41.3987,2.1534,Gràcia,3.167
2020-06-29,41.3987,2.1534,Gràcia,3.083
2020-06-30,41.3987,2.1534,Gràcia,3.304
2020-06-01,41.4261,2.148,Vall Hebron,1.083
2020-06-02,41.4261,2.148,Vall Hebron,1.130
2020-06-03,41.4261,2.148,Vall Hebron,1.000
2020-06-04,41.4261,2.148,Vall Hebron,1.118
2020-06-05,41.4261,2.148,Vall Hebron,1.435
2020-06-06,41.4261,2.148,Vall Hebron,1.261
2020-06-07,41.4261,2.148,Vall Hebron,1.000
2020-06-08,41.4261,2.148,Vall Hebron,1.000
2020-06-09,41.4261,2.148,Vall Hebron,1.250
2020-06-10,41.4261,2.148,Vall Hebron,1.174
2020-06-11,41.4261,2.148,Vall Hebron,1.042
2020-06-12,41.4261,2.148,Vall Hebron,1.417
2020-06-13,41.4261,2.148,Vall Hebron,1.478
2020-06-14,41.4261,2.148,Vall Hebron,1.565
2020-06-15,41.4261,2.148,Vall Hebron,1.208
2020-06-16,41.4261,2.148,Vall Hebron,1.083
2020-06-17,41.4261,2.148,Vall Hebron,1.292
2020-06-18,41.4261,2.148,Vall Hebron,1.087
2020-06-19,41.4261,2.148,Vall Hebron,1.095
2020-06-20,41.4261,2.148,Vall Hebron,1.000
2020-06-21,41.4261,2.148,Vall Hebron,1.000
2020-06-22,41.4261,2.148,Vall Hebron,1.000
2020-06-23,41.4261,2.148,Vall Hebron,1.348
2020-06-24,41.4261,2.148,Vall Hebron,1.000
2020-06-25,41.4261,2.148,Vall Hebron,1.083
2020-06-26,41.4261,2.148,Vall Hebron,1.208
2020-06-27,41.4261,2.148,Vall Hebron,1.000
2020-06-28,41.4261,2.148,Vall Hebron,1.000
2020-06-29,41.4261,2.148,Vall Hebron,1.000
2020-06-30,41.4261,2.148,Vall Hebron,1.000
2020-06-01,41.3875,2.1151,Palau Reial,1.333
2020-06-02,41.3875,2.1151,Palau Reial,1.217
2020-06-03,41.3875,2.1151,Palau Reial,1.087
2020-06-04,41.3875,2.1151,Palau Reial,1.048
2020-06-05,41.3875,2.1151,Palau Reial,1.478
2020-06-06,41.3875,2.1151,Palau Reial,1.609
2020-06-07,41.3875,2.1151,Palau Reial,1.333
2020-06-08,41.3875,2.1151,Palau Reial,1.417
2020-06-09,41.3875,2.1151,Palau Reial,1.542
2020-06-10,41.3875,2.1151,Palau Reial,1.565
2020-06-11,41.3875,2.1151,Palau Reial,1.542
2020-06-12,41.3875,2.1151,Palau Reial,1.583
2020-06-13,41.3875,2.1151,Palau Reial,1.783
2020-06-14,41.3875,2.1151,Palau Reial,1.739
2020-06-15,41.3875,2.1151,Palau Reial,1.875
2020-06-16,41.3875,2.1151,Palau Reial,1.625
2020-06-17,41.3875,2.1151,Palau Reial,1.429
2020-06-18,41.3875,2.1151,Palau Reial,1.000
2020-06-19,41.3875,2.1151,Palau Reial,1.000
2020-06-20,41.3875,2.1151,Palau Reial,1.000
2020-06-21,41.3875,2.1151,Palau Reial,1.000
2020-06-22,41.3875,2.1151,Palau Reial,1.083
2020-06-23,41.3875,2.1151,Palau Reial,1.130
2020-06-24,41.3875,2.1151,Palau Reial,1.000
2020-06-25,41.3875,2.1151,Palau Reial,1.467
2020-06-26,41.3875,2.1151,Palau Reial,1.273
2020-06-27,41.3875,2.1151,Palau Reial,1.083
2020-06-28,41.3875,2.1151,Palau Reial,1.000
2020-06-29,41.3875,2.1151,Palau Reial,1.000
2020-06-30,41.3875,2.1151,Palau Reial,1.000
2020-07-01,41.3853,2.1538,Eixample,1.217
2020-07-02,41.3853,2.1538,Eixample,1.000
2020-07-03,41.3853,2.1538,Eixample,1.000
2020-07-04,41.3853,2.1538,Eixample,1.565
2020-07-05,41.3853,2.1538,Eixample,1.083
2020-07-06,41.3853,2.1538,Eixample,1.583
2020-07-07,41.3853,2.1538,Eixample,1.000
2020-07-08,41.3853,2.1538,Eixample,1.083
2020-07-09,41.3853,2.1538,Eixample,1.292
2020-07-10,41.3853,2.1538,Eixample,1.000
2020-07-11,41.3853,2.1538,Eixample,1.000
2020-07-12,41.3853,2.1538,Eixample,1.174
2020-07-13,41.3853,2.1538,Eixample,1.043
2020-07-14,41.3853,2.1538,Eixample,1.000
2020-07-15,41.3853,2.1538,Eixample,1.000
2020-07-16,41.3853,2.1538,Eixample,1.000
2020-07-17,41.3853,2.1538,Eixample,1.000
2020-07-18,41.3853,2.1538,Eixample,1.000
2020-07-19,41.3853,2.1538,Eixample,1.000
2020-07-20,41.3853,2.1538,Eixample,1.000
2020-07-21,41.3853,2.1538,Eixample,1.000
2020-07-22,41.3853,2.1538,Eixample,1.000
2020-07-23,41.3853,2.1538,Eixample,1.000
2020-07-24,41.3853,2.1538,Eixample,1.000
2020-07-25,41.3853,2.1538,Eixample,1.000
2020-07-26,41.3853,2.1538,Eixample,1.000
2020-07-27,41.3853,2.1538,Eixample,1.000
2020-07-28,41.3853,2.1538,Eixample,1.000
2020-07-29,41.3853,2.1538,Eixample,1.000
2020-07-30,41.3853,2.1538,Eixample,1.000
2020-07-31,41.3853,2.1538,Eixample,1.000
2020-07-01,41.3987,2.1534,Gràcia,4.957
2020-07-02,41.3987,2.1534,Gràcia,1.545
2020-07-03,41.3987,2.1534,Gràcia,1.042
2020-07-04,41.3987,2.1534,Gràcia,1.304
2020-07-05,41.3987,2.1534,Gràcia,1.917
2020-07-06,41.3987,2.1534,Gràcia,1.750
2020-07-07,41.3987,2.1534,Gràcia,1.174
2020-07-08,41.3987,2.1534,Gràcia,2.000
2020-07-09,41.3987,2.1534,Gràcia,1.500
2020-07-10,41.3987,2.1534,Gràcia,1.542
2020-07-11,41.3987,2.1534,Gràcia,1.522
2020-07-12,41.3987,2.1534,Gràcia,2.130
2020-07-13,41.3987,2.1534,Gràcia,1.783
2020-07-14,41.3987,2.1534,Gràcia,1.783
2020-07-15,41.3987,2.1534,Gràcia,1.650
2020-07-16,41.3987,2.1534,Gràcia,1.000
2020-07-17,41.3987,2.1534,Gràcia,1.000
2020-07-18,41.3987,2.1534,Gràcia,1.083
2020-07-19,41.3987,2.1534,Gràcia,1.083
2020-07-20,41.3987,2.1534,Gràcia,1.000
2020-07-21,41.3987,2.1534,Gràcia,1.000
2020-07-22,41.3987,2.1534,Gràcia,1.000
2020-07-23,41.3987,2.1534,Gràcia,1.261
2020-07-24,41.3987,2.1534,Gràcia,1.087
2020-07-25,41.3987,2.1534,Gràcia,1.000
2020-07-26,41.3987,2.1534,Gràcia,1.042
2020-07-27,41.3987,2.1534,Gràcia,1.087
2020-07-28,41.3987,2.1534,Gràcia,1.000
2020-07-29,41.3987,2.1534,Gràcia,1.000
2020-07-30,41.3987,2.1534,Gràcia,1.091
2020-07-31,41.3987,2.1534,Gràcia,1.000
2020-07-01,41.4261,2.148,Vall Hebron,1.042
2020-07-02,41.4261,2.148,Vall Hebron,1.050
2020-07-03,41.4261,2.148,Vall Hebron,1.000
2020-07-04,41.4261,2.148,Vall Hebron,1.000
2020-07-05,41.4261,2.148,Vall Hebron,1.167
2020-07-06,41.4261,2.148,Vall Hebron,1.292
2020-07-07,41.4261,2.148,Vall Hebron,1.000
2020-07-08,41.4261,2.148,Vall Hebron,1.167
2020-07-09,41.4261,2.148,Vall Hebron,1.250
2020-07-10,41.4261,2.148,Vall Hebron,1.000
2020-07-11,41.4261,2.148,Vall Hebron,1.130
2020-07-12,41.4261,2.148,Vall Hebron,1.087
2020-07-13,41.4261,2.148,Vall Hebron,1.000
2020-07-14,41.4261,2.148,Vall Hebron,1.043
2020-07-15,41.4261,2.148,Vall Hebron,1.136
2020-07-16,41.4261,2.148,Vall Hebron,1.000
2020-07-17,41.4261,2.148,Vall Hebron,1.000
2020-07-18,41.4261,2.148,Vall Hebron,1.083
2020-07-19,41.4261,2.148,Vall Hebron,1.042
2020-07-20,41.4261,2.148,Vall Hebron,1.130
2020-07-21,41.4261,2.148,Vall Hebron,1.087
2020-07-22,41.4261,2.148,Vall Hebron,1.043
2020-07-23,41.4261,2.148,Vall Hebron,1.261
2020-07-24,41.4261,2.148,Vall Hebron,1.174
2020-07-25,41.4261,2.148,Vall Hebron,1.000
2020-07-26,41.4261,2.148,Vall Hebron,1.083
2020-07-27,41.4261,2.148,Vall Hebron,1.000
2020-07-28,41.4261,2.148,Vall Hebron,1.043
2020-07-29,41.4261,2.148,Vall Hebron,1.083
2020-07-30,41.4261,2.148,Vall Hebron,1.348
2020-07-31,41.4261,2.148,Vall Hebron,1.000
2020-07-01,41.3875,2.1151,Palau Reial,1.000
2020-07-02,41.3875,2.1151,Palau Reial,1.000
2020-07-03,41.3875,2.1151,Palau Reial,1.000
2020-07-04,41.3875,2.1151,Palau Reial,1.000
2020-07-05,41.3875,2.1151,Palau Reial,1.208
2020-07-06,41.3875,2.1151,Palau Reial,1.167
2020-07-07,41.3875,2.1151,Palau Reial,1.000
2020-07-08,41.3875,2.1151,Palau Reial,1.542
2020-07-09,41.3875,2.1151,Palau Reial,1.375
2020-07-10,41.3875,2.1151,Palau Reial,1.083
2020-07-11,41.3875,2.1151,Palau Reial,1.087
2020-07-12,41.3875,2.1151,Palau Reial,1.000
2020-07-13,41.3875,2.1151,Palau Reial,1.136
2020-07-14,41.3875,2.1151,Palau Reial,1.087
2020-07-15,41.3875,2.1151,Palau Reial,1.136
2020-07-16,41.3875,2.1151,Palau Reial,1.000
2020-07-17,41.3875,2.1151,Palau Reial,1.000
2020-07-18,41.3875,2.1151,Palau Reial,1.000
2020-07-19,41.3875,2.1151,Palau Reial,1.083
2020-07-20,41.3875,2.1151,Palau Reial,1.000
2020-07-21,41.3875,2.1151,Palau Reial,1.043
2020-07-22,41.3875,2.1151,Palau Reial,1.348
2020-07-23,41.3875,2.1151,Palau Reial,1.522
2020-07-24,41.3875,2.1151,Palau Reial,1.217
2020-07-25,41.3875,2.1151,Palau Reial,1.000
2020-07-26,41.3875,2.1151,Palau Reial,1.000
2020-07-27,41.3875,2.1151,Palau Reial,1.000
2020-07-28,41.3875,2.1151,Palau Reial,1.050
2020-07-29,41.3875,2.1151,Palau Reial,1.000
2020-07-30,41.3875,2.1151,Palau Reial,1.000
2020-07-31,41.3875,2.1151,Palau Reial,1.000
2020-08-01,41.3853,2.1538,Eixample,1.000
2020-08-02,41.3853,2.1538,Eixample,1.000
2020-08-03,41.3853,2.1538,Eixample,1.000
2020-08-04,41.3853,2.1538,Eixample,1.000
2020-08-05,41.3853,2.1538,Eixample,1.000
2020-08-06,41.3853,2.1538,Eixample,1.000
2020-08-10,41.3853,2.1538,Eixample,1.167
2020-08-11,41.3853,2.1538,Eixample,1.143
2020-08-12,41.3853,2.1538,Eixample,1.000
2020-08-13,41.3853,2.1538,Eixample,1.083
2020-08-14,41.3853,2.1538,Eixample,1.261
2020-08-15,41.3853,2.1538,Eixample,1.042
2020-08-16,41.3853,2.1538,Eixample,1.000
2020-08-17,41.3853,2.1538,Eixample,1.087
2020-08-18,41.3853,2.1538,Eixample,1.042
2020-08-19,41.3853,2.1538,Eixample,1.125
2020-08-20,41.3853,2.1538,Eixample,1.174
2020-08-21,41.3853,2.1538,Eixample,1.000
2020-08-22,41.3853,2.1538,Eixample,1.500
2020-08-23,41.3853,2.1538,Eixample,1.208
2020-08-24,41.3853,2.1538,Eixample,1.000
2020-08-25,41.3853,2.1538,Eixample,1.130
2020-08-26,41.3853,2.1538,Eixample,1.417
2020-08-27,41.3853,2.1538,Eixample,1.318
2020-08-28,41.3853,2.1538,Eixample,1.000
2020-08-29,41.3853,2.1538,Eixample,1.000
2020-08-30,41.3853,2.1538,Eixample,1.000
2020-08-31,41.3853,2.1538,Eixample,1.000
2020-08-01,41.3987,2.1534,Gràcia,1.958
2020-08-02,41.3987,2.1534,Gràcia,1.348
2020-08-03,41.3987,2.1534,Gràcia,1.333
2020-08-04,41.3987,2.1534,Gràcia,1.333
2020-08-05,41.3987,2.1534,Gràcia,1.208
2020-08-06,41.3987,2.1534,Gràcia,1.870
2020-08-10,41.3987,2.1534,Gràcia,2.625
2020-08-11,41.3987,2.1534,Gràcia,1.826
2020-08-12,41.3987,2.1534,Gràcia,1.913
2020-08-13,41.3987,2.1534,Gràcia,1.500
2020-08-14,41.3987,2.1534,Gràcia,1.350
2020-08-15,41.3987,2.1534,Gràcia,1.375
2020-08-16,41.3987,2.1534,Gràcia,1.167
2020-08-17,41.3987,2.1534,Gràcia,1.348
2020-08-18,41.3987,2.1534,Gràcia,1.583
2020-08-19,41.3987,2.1534,Gràcia,1.458
2020-08-20,41.3987,2.1534,Gràcia,1.478
2020-08-21,41.3987,2.1534,Gràcia,1.652
2020-08-22,41.3987,2.1534,Gràcia,1.083
2020-08-23,41.3987,2.1534,Gràcia,1.375
2020-08-24,41.3987,2.1534,Gràcia,1.667
2020-08-25,41.3987,2.1534,Gràcia,1.913
2020-08-26,41.3987,2.1534,Gràcia,1.708
2020-08-27,41.3987,2.1534,Gràcia,1.292
2020-08-28,41.3987,2.1534,Gràcia,1.143
2020-08-29,41.3987,2.1534,Gràcia,1.083
2020-08-30,41.3987,2.1534,Gràcia,1.167
2020-08-31,41.3987,2.1534,Gràcia,1.478
2020-08-01,41.4261,2.148,Vall Hebron,1.417
2020-08-02,41.4261,2.148,Vall Hebron,1.043
2020-08-03,41.4261,2.148,Vall Hebron,1.000
2020-08-04,41.4261,2.148,Vall Hebron,1.000
2020-08-05,41.4261,2.148,Vall Hebron,1.083
2020-08-06,41.4261,2.148,Vall Hebron,1.087
2020-08-10,41.4261,2.148,Vall Hebron,1.667
2020-08-11,41.4261,2.148,Vall Hebron,1.174
2020-08-12,41.4261,2.148,Vall Hebron,1.000
2020-08-13,41.4261,2.148,Vall Hebron,1.000
2020-08-14,41.4261,2.148,Vall Hebron,1.043
2020-08-15,41.4261,2.148,Vall Hebron,1.000
2020-08-16,41.4261,2.148,Vall Hebron,1.000
2020-08-17,41.4261,2.148,Vall Hebron,1.000
2020-08-18,41.4261,2.148,Vall Hebron,1.000
2020-08-19,41.4261,2.148,Vall Hebron,1.167
2020-08-20,41.4261,2.148,Vall Hebron,1.087
2020-08-21,41.4261,2.148,Vall Hebron,1.000
2020-08-22,41.4261,2.148,Vall Hebron,1.000
2020-08-23,41.4261,2.148,Vall Hebron,1.000
2020-08-24,41.4261,2.148,Vall Hebron,1.000
2020-08-25,41.4261,2.148,Vall Hebron,1.000
2020-08-26,41.4261,2.148,Vall Hebron,1.000
2020-08-27,41.4261,2.148,Vall Hebron,1.000
2020-08-28,41.4261,2.148,Vall Hebron,1.000
2020-08-29,41.4261,2.148,Vall Hebron,1.000
2020-08-30,41.4261,2.148,Vall Hebron,1.083
2020-08-31,41.4261,2.148,Vall Hebron,1.043
2020-08-01,41.3875,2.1151,Palau Reial,1.083
2020-08-02,41.3875,2.1151,Palau Reial,1.000
2020-08-03,41.3875,2.1151,Palau Reial,1.000
2020-08-04,41.3875,2.1151,Palau Reial,1.000
2020-08-05,41.3875,2.1151,Palau Reial,1.000
2020-08-06,41.3875,2.1151,Palau Reial,1.000
2020-08-10,41.3875,2.1151,Palau Reial,1.458
2020-08-11,41.3875,2.1151,Palau Reial,1.174
2020-08-12,41.3875,2.1151,Palau Reial,1.043
2020-08-13,41.3875,2.1151,Palau Reial,1.000
2020-08-14,41.3875,2.1151,Palau Reial,1.000
2020-08-15,41.3875,2.1151,Palau Reial,1.000
2020-08-16,41.3875,2.1151,Palau Reial,1.000
2020-08-17,41.3875,2.1151,Palau Reial,1.000
2020-08-18,41.3875,2.1151,Palau Reial,1.000
2020-08-19,41.3875,2.1151,Palau Reial,1.167
2020-08-20,41.3875,2.1151,Palau Reial,1.261
2020-08-21,41.3875,2.1151,Palau Reial,1.000
2020-08-22,41.3875,2.1151,Palau Reial,1.000
2020-08-23,41.3875,2.1151,Palau Reial,1.000
2020-08-24,41.3875,2.1151,Palau Reial,1.000
2020-08-25,41.3875,2.1151,Palau Reial,1.000
2020-08-26,41.3875,2.1151,Palau Reial,1.045
2020-08-27,41.3875,2.1151,Palau Reial,1.167
2020-08-28,41.3875,2.1151,Palau Reial,1.043
2020-08-29,41.3875,2.1151,Palau Reial,1.042
2020-08-30,41.3875,2.1151,Palau Reial,1.167
2020-08-31,41.3875,2.1151,Palau Reial,1.304
2020-09-01,41.3853,2.1538,Eixample,1.000
2020-09-02,41.3853,2.1538,Eixample,1.000
2020-09-03,41.3853,2.1538,Eixample,1.000
2020-09-04,41.3853,2.1538,Eixample,1.000
2020-09-05,41.3853,2.1538,Eixample,1.000
2020-09-06,41.3853,2.1538,Eixample,1.000
2020-09-07,41.3853,2.1538,Eixample,1.000
2020-09-08,41.3853,2.1538,Eixample,1.000
2020-09-09,41.3853,2.1538,Eixample,1.000
2020-09-10,41.3853,2.1538,Eixample,1.000
2020-09-11,41.3853,2.1538,Eixample,1.375
2020-09-14,41.3853,2.1538,Eixample,1.000
2020-09-15,41.3853,2.1538,Eixample,1.000
2020-09-16,41.3853,2.1538,Eixample,1.652
2020-09-17,41.3853,2.1538,Eixample,1.043
2020-09-18,41.3853,2.1538,Eixample,1.043
2020-09-19,41.3853,2.1538,Eixample,1.087
2020-09-20,41.3853,2.1538,Eixample,1.000
2020-09-21,41.3853,2.1538,Eixample,1.000
2020-09-22,41.3853,2.1538,Eixample,1.000
2020-09-23,41.3853,2.1538,Eixample,1.000
2020-09-24,41.3853,2.1538,Eixample,1.000
2020-09-25,41.3853,2.1538,Eixample,1.000
2020-09-26,41.3853,2.1538,Eixample,1.000
2020-09-27,41.3853,2.1538,Eixample,1.000
2020-09-28,41.3853,2.1538,Eixample,1.087
2020-09-29,41.3853,2.1538,Eixample,1.083
2020-09-30,41.3853,2.1538,Eixample,1.292
2020-09-01,41.3987,2.1534,Gràcia,1.750
2020-09-02,41.3987,2.1534,Gràcia,1.542
2020-09-03,41.3987,2.1534,Gràcia,1.478
2020-09-04,41.3987,2.1534,Gràcia,1.783
2020-09-05,41.3987,2.1534,Gràcia,1.542
2020-09-06,41.3987,2.1534,Gràcia,1.458
2020-09-07,41.3987,2.1534,Gràcia,1.667
2020-09-08,41.3987,2.1534,Gràcia,1.696
2020-09-09,41.3987,2.1534,Gràcia,1.304
2020-09-10,41.3987,2.1534,Gràcia,1.130
2020-09-11,41.3987,2.1534,Gràcia,1.217
2020-09-13,41.3987,2.1534,Gràcia,1.174
2020-09-14,41.3987,2.1534,Gràcia,1.478
2020-09-15,41.3987,2.1534,Gràcia,1.143
2020-09-16,41.3987,2.1534,Gràcia,1.435
2020-09-17,41.3987,2.1534,Gràcia,1.913
2020-09-18,41.3987,2.1534,Gràcia,1.609
2020-09-19,41.3987,2.1534,Gràcia,1.348
2020-09-20,41.3987,2.1534,Gràcia,1.348
2020-09-21,41.3987,2.1534,Gràcia,1.522
2020-09-22,41.3987,2.1534,Gràcia,1.435
2020-09-23,41.3987,2.1534,Gràcia,1.391
2020-09-24,41.3987,2.1534,Gràcia,1.435
2020-09-25,41.3987,2.1534,Gràcia,1.000
2020-09-26,41.3987,2.1534,Gràcia,1.870
2020-09-27,41.3987,2.1534,Gràcia,2.042
2020-09-28,41.3987,2.1534,Gràcia,2.091
2020-09-29,41.3987,2.1534,Gràcia,2.167
2020-09-30,41.3987,2.1534,Gràcia,2.292
2020-09-01,41.4261,2.148,Vall Hebron,1.042
2020-09-02,41.4261,2.148,Vall Hebron,1.042
2020-09-03,41.4261,2.148,Vall Hebron,1.000
2020-09-04,41.4261,2.148,Vall Hebron,1.304
2020-09-05,41.4261,2.148,Vall Hebron,1.042
2020-09-06,41.4261,2.148,Vall Hebron,1.417
2020-09-07,41.4261,2.148,Vall Hebron,1.125
2020-09-08,41.4261,2.148,Vall Hebron,1.130
2020-09-09,41.4261,2.148,Vall Hebron,1.000
2020-09-10,41.4261,2.148,Vall Hebron,1.000
2020-09-11,41.4261,2.148,Vall Hebron,1.000
2020-09-13,41.4261,2.148,Vall Hebron,1.000
2020-09-14,41.4261,2.148,Vall Hebron,1.087
2020-09-15,41.4261,2.148,Vall Hebron,1.000
2020-09-16,41.4261,2.148,Vall Hebron,1.174
2020-09-17,41.4261,2.148,Vall Hebron,1.261
2020-09-18,41.4261,2.148,Vall Hebron,1.000
2020-09-19,41.4261,2.148,Vall Hebron,1.000
2020-09-20,41.4261,2.148,Vall Hebron,1.043
2020-09-21,41.4261,2.148,Vall Hebron,1.000
2020-09-22,41.4261,2.148,Vall Hebron,1.000
2020-09-23,41.4261,2.148,Vall Hebron,1.095
2020-09-24,41.4261,2.148,Vall Hebron,1.043
2020-09-25,41.4261,2.148,Vall Hebron,1.043
2020-09-26,41.4261,2.148,Vall Hebron,1.043
2020-09-27,41.4261,2.148,Vall Hebron,1.083
2020-09-28,41.4261,2.148,Vall Hebron,1.167
2020-09-29,41.4261,2.148,Vall Hebron,1.000
2020-09-30,41.4261,2.148,Vall Hebron,1.042
2020-09-01,41.3875,2.1151,Palau Reial,1.292
2020-09-02,41.3875,2.1151,Palau Reial,1.167
2020-09-03,41.3875,2.1151,Palau Reial,1.174
2020-09-04,41.3875,2.1151,Palau Reial,1.391
2020-09-05,41.3875,2.1151,Palau Reial,1.250
2020-09-06,41.3875,2.1151,Palau Reial,1.417
2020-09-07,41.3875,2.1151,Palau Reial,1.333
2020-09-08,41.3875,2.1151,Palau Reial,1.174
2020-09-09,41.3875,2.1151,Palau Reial,1.050
2020-09-10,41.3875,2.1151,Palau Reial,1.000
2020-09-11,41.3875,2.1151,Palau Reial,1.000
2020-09-13,41.3875,2.1151,Palau Reial,1.261
2020-09-14,41.3875,2.1151,Palau Reial,1.435
2020-09-15,41.3875,2.1151,Palau Reial,1.043
2020-09-16,41.3875,2.1151,Palau Reial,1.174
2020-09-17,41.3875,2.1151,Palau Reial,1.261
2020-09-18,41.3875,2.1151,Palau Reial,1.043
2020-09-19,41.3875,2.1151,Palau Reial,1.000
2020-09-20,41.3875,2.1151,Palau Reial,1.043
2020-09-21,41.3875,2.1151,Palau Reial,1.000
2020-09-22,41.3875,2.1151,Palau Reial,1.000
2020-09-23,41.3875,2.1151,Palau Reial,1.130
2020-09-24,41.3875,2.1151,Palau Reial,1.391
2020-09-25,41.3875,2.1151,Palau Reial,1.000
2020-09-26,41.3875,2.1151,Palau Reial,1.087
2020-09-27,41.3875,2.1151,Palau Reial,1.000
2020-09-28,41.3875,2.1151,Palau Reial,1.167
2020-09-29,41.3875,2.1151,Palau Reial,1.042
2020-09-30,41.3875,2.1151,Palau Reial,1.458
2020-10-01,41.3853,2.1538,Eixample,1.000
2020-10-02,41.3853,2.1538,Eixample,1.000
2020-10-03,41.3853,2.1538,Eixample,1.000
2020-10-04,41.3853,2.1538,Eixample,1.000
2020-10-05,41.3853,2.1538,Eixample,1.000
2020-10-06,41.3853,2.1538,Eixample,1.208
2020-10-07,41.3853,2.1538,Eixample,1.087
2020-10-08,41.3853,2.1538,Eixample,1.000
2020-10-09,41.3853,2.1538,Eixample,1.348
2020-10-10,41.3853,2.1538,Eixample,1.000
2020-10-11,41.3853,2.1538,Eixample,1.000
2020-10-12,41.3853,2.1538,Eixample,1.000
2020-10-13,41.3853,2.1538,Eixample,1.000
2020-10-14,41.3853,2.1538,Eixample,1.000
2020-10-15,41.3853,2.1538,Eixample,1.000
2020-10-16,41.3853,2.1538,Eixample,1.043
2020-10-17,41.3853,2.1538,Eixample,1.130
2020-10-18,41.3853,2.1538,Eixample,1.043
2020-10-19,41.3853,2.1538,Eixample,1.917
2020-10-20,41.3853,2.1538,Eixample,1.696
2020-10-21,41.3853,2.1538,Eixample,1.000
2020-10-22,41.3853,2.1538,Eixample,1.000
2020-10-23,41.3853,2.1538,Eixample,1.000
2020-10-24,41.3853,2.1538,Eixample,1.000
2020-10-25,41.3853,2.1538,Eixample,1.000
2020-10-26,41.3853,2.1538,Eixample,1.000
2020-10-27,41.3853,2.1538,Eixample,1.043
2020-10-28,41.3853,2.1538,Eixample,1.174
2020-10-29,41.3853,2.1538,Eixample,1.696
2020-10-30,41.3853,2.1538,Eixample,1.333
2020-10-31,41.3853,2.1538,Eixample,1.250
2020-10-01,41.3987,2.1534,Gràcia,2.125
2020-10-02,41.3987,2.1534,Gràcia,1.652
2020-10-03,41.3987,2.1534,Gràcia,1.478
2020-10-04,41.3987,2.1534,Gràcia,2.000
2020-10-05,41.3987,2.1534,Gràcia,2.083
2020-10-06,41.3987,2.1534,Gràcia,2.250
2020-10-07,41.3987,2.1534,Gràcia,2.174
2020-10-08,41.3987,2.1534,Gràcia,2.000
2020-10-09,41.3987,2.1534,Gràcia,2.261
2020-10-10,41.3987,2.1534,Gràcia,1.565
2020-10-11,41.3987,2.1534,Gràcia,1.261
2020-10-12,41.3987,2.1534,Gràcia,1.174
2020-10-13,41.3987,2.1534,Gràcia,1.174
2020-10-14,41.3987,2.1534,Gràcia,1.000
2020-10-15,41.3987,2.1534,Gràcia,1.000
2020-10-16,41.3987,2.1534,Gràcia,1.043
2020-10-17,41.3987,2.1534,Gràcia,1.130
2020-10-18,41.3987,2.1534,Gràcia,1.000
2020-10-19,41.3987,2.1534,Gràcia,1.250
2020-10-20,41.3987,2.1534,Gràcia,1.087
2020-10-21,41.3987,2.1534,Gràcia,1.136
2020-10-22,41.3987,2.1534,Gràcia,1.000
2020-10-23,41.3987,2.1534,Gràcia,1.000
2020-10-24,41.3987,2.1534,Gràcia,1.130
2020-10-25,41.3987,2.1534,Gràcia,1.045
2020-10-26,41.3987,2.1534,Gràcia,1.000
2020-10-27,41.3987,2.1534,Gràcia,1.000
2020-10-28,41.3987,2.1534,Gràcia,1.211
2020-10-29,41.3987,2.1534,Gràcia,1.174
2020-10-30,41.3987,2.1534,Gràcia,1.208
2020-10-31,41.3987,2.1534,Gràcia,1.208
2020-10-01,41.4261,2.148,Vall Hebron,1.000
2020-10-02,41.4261,2.148,Vall Hebron,1.000
2020-10-03,41.4261,2.148,Vall Hebron,1.000
2020-10-04,41.4261,2.148,Vall Hebron,1.087
2020-10-05,41.4261,2.148,Vall Hebron,1.125
2020-10-06,41.4261,2.148,Vall Hebron,1.167
2020-10-07,41.4261,2.148,Vall Hebron,1.000
2020-10-08,41.4261,2.148,Vall Hebron,1.000
2020-10-09,41.4261,2.148,Vall Hebron,1.000
2020-10-10,41.4261,2.148,Vall Hebron,1.000
2020-10-11,41.4261,2.148,Vall Hebron,1.043
2020-10-12,41.4261,2.148,Vall Hebron,1.000
2020-10-13,41.4261,2.148,Vall Hebron,1.000
2020-10-14,41.4261,2.148,Vall Hebron,1.000
2020-10-15,41.4261,2.148,Vall Hebron,1.000
2020-10-16,41.4261,2.148,Vall Hebron,1.000
2020-10-17,41.4261,2.148,Vall Hebron,1.043
2020-10-18,41.4261,2.148,Vall Hebron,1.000
2020-10-19,41.4261,2.148,Vall Hebron,1.000
2020-10-20,41.4261,2.148,Vall Hebron,1.000
2020-10-21,41.4261,2.148,Vall Hebron,1.000
2020-10-22,41.4261,2.148,Vall Hebron,1.000
2020-10-23,41.4261,2.148,Vall Hebron,1.000
2020-10-24,41.4261,2.148,Vall Hebron,1.000
2020-10-25,41.4261,2.148,Vall Hebron,1.000
2020-10-26,41.4261,2.148,Vall Hebron,1.000
2020-10-27,41.4261,2.148,Vall Hebron,1.000
2020-10-28,41.4261,2.148,Vall Hebron,1.000
2020-10-29,41.4261,2.148,Vall Hebron,1.000
2020-10-30,41.4261,2.148,Vall Hebron,1.125
2020-10-31,41.4261,2.148,Vall Hebron,1.000
2020-10-01,41.3875,2.1151,Palau Reial,1.042
2020-10-02,41.3875,2.1151,Palau Reial,1.000
2020-10-03,41.3875,2.1151,Palau Reial,1.000
2020-10-04,41.3875,2.1151,Palau Reial,1.043
2020-10-05,41.3875,2.1151,Palau Reial,1.292
2020-10-06,41.3875,2.1151,Palau Reial,1.083
2020-10-07,41.3875,2.1151,Palau Reial,1.043
2020-10-08,41.3875,2.1151,Palau Reial,1.000
2020-10-09,41.3875,2.1151,Palau Reial,1.087
2020-10-10,41.3875,2.1151,Palau Reial,1.000
2020-10-11,41.3875,2.1151,Palau Reial,1.261
2020-10-12,41.3875,2.1151,Palau Reial,1.000
2020-10-13,41.3875,2.1151,Palau Reial,1.042
2020-10-14,41.3875,2.1151,Palau Reial,1.200
2020-10-15,41.3875,2.1151,Palau Reial,1.042
2020-10-16,41.3875,2.1151,Palau Reial,1.000
2020-10-17,41.3875,2.1151,Palau Reial,1.087
2020-10-18,41.3875,2.1151,Palau Reial,1.000
2020-10-19,41.3875,2.1151,Palau Reial,1.083
2020-10-20,41.3875,2.1151,Palau Reial,1.000
2020-10-21,41.3875,2.1151,Palau Reial,1.000
2020-10-22,41.3875,2.1151,Palau Reial,1.000
2020-10-23,41.3875,2.1151,Palau Reial,2.652
2020-10-24,41.3875,2.1151,Palau Reial,5.217
2020-10-25,41.3875,2.1151,Palau Reial,5.364
2020-10-26,41.3875,2.1151,Palau Reial,4.870
2020-10-27,41.3875,2.1151,Palau Reial,3.100
2020-10-28,41.3875,2.1151,Palau Reial,1.000
2020-10-29,41.3875,2.1151,Palau Reial,1.043
2020-10-30,41.3875,2.1151,Palau Reial,1.083
2020-10-31,41.3875,2.1151,Palau Reial,1.000
2020-11-01,41.3853,2.1538,Eixample,1.130
2020-11-02,41.3853,2.1538,Eixample,1.174
2020-11-03,41.3853,2.1538,Eixample,1.174
2020-11-04,41.3853,2.1538,Eixample,1.130
2020-11-05,41.3853,2.1538,Eixample,1.087
2020-11-06,41.3853,2.1538,Eixample,1.000
2020-11-07,41.3853,2.1538,Eixample,1.087
2020-11-08,41.3853,2.1538,Eixample,1.167
2020-11-09,41.3853,2.1538,Eixample,2.000
2020-11-10,41.3853,2.1538,Eixample,1.261
2020-11-11,41.3853,2.1538,Eixample,1.087
2020-11-12,41.3853,2.1538,Eixample,1.130
2020-11-13,41.3853,2.1538,Eixample,1.833
2020-11-14,41.3853,2.1538,Eixample,1.632
2020-11-15,41.3853,2.1538,Eixample,3.000
2020-11-16,41.3853,2.1538,Eixample,2.455
2020-11-17,41.3853,2.1538,Eixample,2.696
2020-11-18,41.3853,2.1538,Eixample,3.000
2020-11-19,41.3853,2.1538,Eixample,2.783
2020-11-21,41.3853,2.1538,Eixample,2.000
2020-11-22,41.3853,2.1538,Eixample,2.043
2020-11-23,41.3853,2.1538,Eixample,2.130
2020-11-24,41.3853,2.1538,Eixample,2.348
2020-11-25,41.3853,2.1538,Eixample,3.130
2020-11-26,41.3853,2.1538,Eixample,1.522
2020-11-27,41.3853,2.1538,Eixample,1.000
2020-11-01,41.3987,2.1534,Gràcia,1.043
2020-11-02,41.3987,2.1534,Gràcia,1.043
2020-11-03,41.3987,2.1534,Gràcia,1.000
2020-11-04,41.3987,2.1534,Gràcia,1.000
2020-11-05,41.3987,2.1534,Gràcia,1.000
2020-11-06,41.3987,2.1534,Gràcia,1.000
2020-11-07,41.3987,2.1534,Gràcia,1.087
2020-11-08,41.3987,2.1534,Gràcia,1.125
2020-11-09,41.3987,2.1534,Gràcia,1.870
2020-11-10,41.3987,2.1534,Gràcia,1.091
2020-11-11,41.3987,2.1534,Gràcia,1.000
2020-11-12,41.3987,2.1534,Gràcia,1.000
2020-11-13,41.3987,2.1534,Gràcia,1.458
2020-11-14,41.3987,2.1534,Gràcia,1.043
2020-11-15,41.3987,2.1534,Gràcia,1.174
2020-11-16,41.3987,2.1534,Gràcia,1.000
2020-11-17,41.3987,2.1534,Gràcia,2.174
2020-11-18,41.3987,2.1534,Gràcia,1.125
2020-11-19,41.3987,2.1534,Gràcia,1.211
2020-11-21,41.3987,2.1534,Gràcia,1.000
2020-11-22,41.3987,2.1534,Gràcia,1.000
2020-11-23,41.3987,2.1534,Gràcia,1.174
2020-11-24,41.3987,2.1534,Gràcia,1.000
2020-11-25,41.3987,2.1534,Gràcia,1.217
2020-11-26,41.3987,2.1534,Gràcia,1.000
2020-11-27,41.3987,2.1534,Gràcia,1.000
2020-11-01,41.4261,2.148,Vall Hebron,1.043
2020-11-02,41.4261,2.148,Vall Hebron,1.043
2020-11-03,41.4261,2.148,Vall Hebron,1.000
2020-11-04,41.4261,2.148,Vall Hebron,1.000
2020-11-05,41.4261,2.148,Vall Hebron,1.000
2020-11-06,41.4261,2.148,Vall Hebron,1.000
2020-11-07,41.4261,2.148,Vall Hebron,1.000
2020-11-08,41.4261,2.148,Vall Hebron,1.000
2020-11-09,41.4261,2.148,Vall Hebron,1.043
2020-11-10,41.4261,2.148,Vall Hebron,1.000
2020-11-11,41.4261,2.148,Vall Hebron,1.000
2020-11-12,41.4261,2.148,Vall Hebron,1.000
2020-11-13,41.4261,2.148,Vall Hebron,1.000
2020-11-14,41.4261,2.148,Vall Hebron,1.000
2020-11-15,41.4261,2.148,Vall Hebron,1.130
2020-11-16,41.4261,2.148,Vall Hebron,1.000
2020-11-17,41.4261,2.148,Vall Hebron,1.000
2020-11-18,41.4261,2.148,Vall Hebron,1.042
2020-11-19,41.4261,2.148,Vall Hebron,1.043
2020-11-21,41.4261,2.148,Vall Hebron,1.500
2020-11-22,41.4261,2.148,Vall Hebron,1.800
2020-11-23,41.4261,2.148,Vall Hebron,1.261
2020-11-24,41.4261,2.148,Vall Hebron,1.100
2020-11-25,41.4261,2.148,Vall Hebron,1.043
2020-11-26,41.4261,2.148,Vall Hebron,1.000
2020-11-27,41.4261,2.148,Vall Hebron,1.000
2020-11-01,41.3875,2.1151,Palau Reial,1.043
2020-11-02,41.3875,2.1151,Palau Reial,1.000
2020-11-03,41.3875,2.1151,Palau Reial,1.000
2020-11-04,41.3875,2.1151,Palau Reial,1.000
2020-11-05,41.3875,2.1151,Palau Reial,1.000
2020-11-06,41.3875,2.1151,Palau Reial,1.000
2020-11-07,41.3875,2.1151,Palau Reial,1.000
2020-11-08,41.3875,2.1151,Palau Reial,1.000
2020-11-09,41.3875,2.1151,Palau Reial,1.217
2020-11-10,41.3875,2.1151,Palau Reial,1.217
2020-11-11,41.3875,2.1151,Palau Reial,1.174
2020-11-12,41.3875,2.1151,Palau Reial,1.087
2020-11-13,41.3875,2.1151,Palau Reial,1.125
2020-11-14,41.3875,2.1151,Palau Reial,1.000
2020-11-15,41.3875,2.1151,Palau Reial,1.435
2020-11-16,41.3875,2.1151,Palau Reial,1.050
2020-11-17,41.3875,2.1151,Palau Reial,1.261
2020-11-18,41.3875,2.1151,Palau Reial,1.167
2020-11-19,41.3875,2.1151,Palau Reial,1.130
2020-11-21,41.3875,2.1151,Palau Reial,1.174
2020-11-22,41.3875,2.1151,Palau Reial,1.174
2020-11-23,41.3875,2.1151,Palau Reial,1.174
2020-11-24,41.3875,2.1151,Palau Reial,1.136
2020-11-25,41.3875,2.1151,Palau Reial,1.261
2020-11-26,41.3875,2.1151,Palau Reial,1.000
2020-11-27,41.3875,2.1151,Palau Reial,1.000
