Ort,Datum,Wert
Ciutadella,2020-01-01,30.333
Ciutadella,2020-01-02,35.696
Ciutadella,2020-01-03,37.826
Ciutadella,2020-01-04,36.783
Ciutadella,2020-01-05,34.500
Ciutadella,2020-01-06,29.652
Ciutadella,2020-01-07,53.522
Ciutadella,2020-01-08,45.522
Ciutadella,2020-01-09,48.174
Ciutadella,2020-01-10,49.957
Ciutadella,2020-01-11,25.130
Ciutadella,2020-01-12,36.913
Ciutadella,2020-01-13,45.625
Ciutadella,2020-01-14,50.739
Ciutadella,2020-01-15,67.000
Ciutadella,2020-01-16,57.583
Ciutadella,2020-01-17,43.043
Ciutadella,2020-01-18,34.708
Ciutadella,2020-01-19,14.583
Ciutadella,2020-01-20,9.870
Ciutadella,2020-01-21,8.609
Ciutadella,2020-01-22,14.261
Ciutadella,2020-01-23,42.870
Ciutadella,2020-01-24,56.826
Ciutadella,2020-01-27,42.333
Ciutadella,2020-01-28,46.391
Ciutadella,2020-01-29,42.167
Ciutadella,2020-01-30,35.917
Ciutadella,2020-01-31,53.913
Ciutadella,2020-02-01,40.917
Ciutadella,2020-02-02,31.292
Ciutadella,2020-02-03,55.261
Ciutadella,2020-02-04,28.250
Ciutadella,2020-02-05,39.500
Ciutadella,2020-02-06,48.348
Ciutadella,2020-02-07,63.625
Ciutadella,2020-02-08,41.833
Ciutadella,2020-02-09,31.458
Ciutadella,2020-02-10,40.714
Ciutadella,2020-02-11,27.696
Ciutadella,2020-02-12,13.652
Ciutadella,2020-02-13,35.870
Ciutadella,2020-02-14,34.000
Ciutadella,2020-02-15,31.792
Ciutadella,2020-02-16,19.957
Ciutadella,2020-02-17,36.458
Ciutadella,2020-02-18,23.870
Ciutadella,2020-02-19,39.696
Ciutadella,2020-02-20,47.042
Ciutadella,2020-02-21,51.500
Ciutadella,2020-02-22,32.522
Ciutadella,2020-02-23,42.042
Ciutadella,2020-02-24,50.333
Ciutadella,2020-02-25,38.783
Ciutadella,2020-02-26,21.250
Ciutadella,2020-02-27,16.348
Ciutadella,2020-02-28,33.739
Ciutadella,2020-02-29,33.304
Ciutadella,2020-03-01,15.435
Ciutadella,2020-03-02,14.087
Ciutadella,2020-03-03,17.522
Ciutadella,2020-03-04,29.050
Ciutadella,2020-03-05,37.478
Ciutadella,2020-03-06,14.826
Ciutadella,2020-03-07,16.696
Ciutadella,2020-03-08,25.000
Ciutadella,2020-03-09,26.652
Ciutadella,2020-03-10,29.792
Ciutadella,2020-03-11,39.348
Ciutadella,2020-03-12,55.913
Ciutadella,2020-03-13,48.957
Ciutadella,2020-03-14,24.783
Ciutadella,2020-03-15,21.792
Ciutadella,2020-03-16,6.087
Ciutadella,2020-03-17,8.042
Ciutadella,2020-03-18,20.750
Ciutadella,2020-03-19,19.619
Ciutadella,2020-03-20,14.087
Ciutadella,2020-03-21,9.000
Ciutadella,2020-03-22,5.783
Ciutadella,2020-03-23,6.435
Ciutadella,2020-03-24,4.833
Ciutadella,2020-03-25,10.091
Ciutadella,2020-03-26,9.300
Ciutadella,2020-03-27,14.458
Ciutadella,2020-03-28,14.174
Ciutadella,2020-03-29,16.217
Ciutadella,2020-03-30,11.783
Ciutadella,2020-03-31,8.739
Ciutadella,2020-04-01,4.048
Ciutadella,2020-04-02,5.125
Ciutadella,2020-04-03,18.292
Ciutadella,2020-04-04,19.957
Ciutadella,2020-04-05,17.208
Ciutadella,2020-04-06,19.167
Ciutadella,2020-04-07,22.333
Ciutadella,2020-04-08,14.261
Ciutadella,2020-04-09,16.000
Ciutadella,2020-04-10,20.000
Ciutadella,2020-04-11,20.167
Ciutadella,2020-04-12,9.208
Ciutadella,2020-04-13,6.783
Ciutadella,2020-04-14,12.667
Ciutadella,2020-04-15,11.783
Ciutadella,2020-04-16,4.682
Ciutadella,2020-04-17,20.565
Ciutadella,2020-04-18,9.696
Ciutadella,2020-04-19,3.391
Ciutadella,2020-04-20,24.708
Ciutadella,2020-04-21,13.438
Ciutadella,2020-04-22,5.304
Ciutadella,2020-04-23,18.208
Ciutadella,2020-04-24,35.087
Ciutadella,2020-04-25,13.522
Ciutadella,2020-04-26,12.833
Ciutadella,2020-04-27,18.125
Ciutadella,2020-04-28,10.125
Ciutadella,2020-04-29,10.667
Ciutadella,2020-04-30,12.609
Ciutadella,2020-05-01,7.304
Ciutadella,2020-05-02,6.417
Ciutadella,2020-05-03,8.667
Ciutadella,2020-05-04,32.900
Ciutadella,2020-05-05,26.792
Ciutadella,2020-05-06,28.043
Ciutadella,2020-05-07,14.208
Ciutadella,2020-05-08,9.292
Ciutadella,2020-05-09,8.708
Ciutadella,2020-05-10,6.739
Ciutadella,2020-05-11,9.542
Ciutadella,2020-05-12,9.652
Ciutadella,2020-05-13,12.174
Ciutadella,2020-05-14,12.571
Ciutadella,2020-05-15,11.208
Ciutadella,2020-05-16,10.875
Ciutadella,2020-05-17,16.750
Ciutadella,2020-05-18,22.833
Ciutadella,2020-05-19,33.435
Ciutadella,2020-05-20,31.478
Ciutadella,2020-05-21,46.696
Ciutadella,2020-05-22,46.708
Ciutadella,2020-05-23,28.167
Ciutadella,2020-05-24,16.565
Ciutadella,2020-05-25,25.478
Ciutadella,2020-05-26,29.708
Ciutadella,2020-05-27,16.682
Ciutadella,2020-05-28,8.917
Ciutadella,2020-05-29,20.250
Ciutadella,2020-05-30,10.652
Ciutadella,2020-05-31,7.792
Ciutadella,2020-06-01,10.875
Ciutadella,2020-06-02,15.000
Ciutadella,2020-06-03,17.696
Ciutadella,2020-06-04,12.478
Ciutadella,2020-06-05,12.348
Ciutadella,2020-06-06,8.478
Ciutadella,2020-06-07,4.167
Ciutadella,2020-06-08,8.250
Ciutadella,2020-06-09,13.458
Ciutadella,2020-06-10,14.217
Ciutadella,2020-06-11,11.333
Ciutadella,2020-06-12,11.957
Ciutadella,2020-06-13,11.348
Ciutadella,2020-06-14,13.217
Ciutadella,2020-06-15,16.500
Ciutadella,2020-06-16,17.333
Ciutadella,2020-06-17,14.000
Ciutadella,2020-06-18,9.783
Ciutadella,2020-06-19,17.542
Ciutadella,2020-06-20,18.125
Ciutadella,2020-06-21,16.739
Ciutadella,2020-06-22,22.708
Ciutadella,2020-06-23,27.261
Ciutadella,2020-06-24,13.292
Ciutadella,2020-06-25,26.217
Ciutadella,2020-06-26,27.375
Ciutadella,2020-06-27,14.667
Ciutadella,2020-06-28,11.083
Ciutadella,2020-06-29,12.250
Ciutadella,2020-06-30,8.609
Ciutadella,2020-07-01,16.375
Ciutadella,2020-07-02,11.542
Ciutadella,2020-07-03,13.917
Ciutadella,2020-07-04,11.043
Ciutadella,2020-07-05,22.792
Ciutadella,2020-07-06,23.542
Ciutadella,2020-07-07,11.000
Ciutadella,2020-07-08,20.333
Ciutadella,2020-07-09,17.625
Ciutadella,2020-07-10,23.792
Ciutadella,2020-07-11,17.478
Ciutadella,2020-07-12,14.087
Ciutadella,2020-07-13,18.261
Ciutadella,2020-07-14,17.174
Ciutadella,2020-07-15,16.182
Ciutadella,2020-07-16,7.435
Ciutadella,2020-07-17,13.958
Ciutadella,2020-07-18,11.292
Ciutadella,2020-07-19,17.208
Ciutadella,2020-07-20,20.913
Ciutadella,2020-07-21,14.650
Ciutadella,2020-07-22,25.478
Ciutadella,2020-07-23,26.957
Ciutadella,2020-07-24,29.565
Ciutadella,2020-07-25,14.174
Ciutadella,2020-07-26,6.583
Ciutadella,2020-07-27,23.348
Ciutadella,2020-07-28,22.043
Ciutadella,2020-07-29,15.625
Ciutadella,2020-07-30,21.870
Ciutadella,2020-07-31,30.522
Ciutadella,2020-08-01,23.500
Ciutadella,2020-08-02,5.652
Ciutadella,2020-08-03,11.042
Ciutadella,2020-08-04,8.458
Ciutadella,2020-08-05,11.292
Ciutadella,2020-08-06,17.174
Ciutadella,2020-08-10,32.667
Ciutadella,2020-08-11,23.783
Ciutadella,2020-08-12,15.043
Ciutadella,2020-08-13,10.625
Ciutadella,2020-08-14,10.957
Ciutadella,2020-08-15,12.250
Ciutadella,2020-08-16,7.583
Ciutadella,2020-08-17,15.478
Ciutadella,2020-08-18,14.042
Ciutadella,2020-08-19,23.083
Ciutadella,2020-08-20,14.174
Ciutadella,2020-08-21,12.261
Ciutadella,2020-08-22,4.958
Ciutadella,2020-08-23,14.667
Ciutadella,2020-08-24,10.292
Ciutadella,2020-08-25,20.565
Ciutadella,2020-08-26,19.429
Ciutadella,2020-08-27,18.417
Ciutadella,2020-08-28,19.217
Ciutadella,2020-08-29,8.917
Ciutadella,2020-08-30,8.000
Ciutadella,2020-08-31,15.087
Ciutadella,2020-09-01,21.542
Ciutadella,2020-09-02,19.375
Ciutadella,2020-09-03,23.130
Ciutadella,2020-09-04,24.304
Ciutadella,2020-09-05,15.125
Ciutadella,2020-09-06,13.792
Ciutadella,2020-09-07,13.000
Ciutadella,2020-09-08,24.130
Ciutadella,2020-09-09,31.450
Ciutadella,2020-09-10,34.000
Ciutadella,2020-09-11,21.391
Ciutadella,2020-09-13,25.304
Ciutadella,2020-09-14,36.696
Ciutadella,2020-09-15,36.261
Ciutadella,2020-09-16,34.391
Ciutadella,2020-09-17,49.391
Ciutadella,2020-09-18,35.348
Ciutadella,2020-09-19,26.870
Ciutadella,2020-09-20,11.652
Ciutadella,2020-09-21,29.300
Ciutadella,2020-09-22,29.174
Ciutadella,2020-09-23,38.000
Ciutadella,2020-09-24,24.652
Ciutadella,2020-09-25,8.870
Ciutadella,2020-09-26,8.739
Ciutadella,2020-09-27,18.667
Ciutadella,2020-09-28,29.625
Ciutadella,2020-09-29,30.435
Ciutadella,2020-09-30,38.875
Ciutadella,2020-10-01,27.667
Ciutadella,2020-10-02,24.174
Ciutadella,2020-10-03,9.087
Ciutadella,2020-10-04,9.696
Ciutadella,2020-10-05,15.583
Ciutadella,2020-10-06,35.708
Ciutadella,2020-10-07,22.522
Ciutadella,2020-10-08,23.542
Ciutadella,2020-10-09,38.391
Ciutadella,2020-10-10,12.174
Ciutadella,2020-10-11,9.261
Ciutadella,2020-10-12,10.435
Ciutadella,2020-10-13,19.542
Ciutadella,2020-10-14,20.524
Ciutadella,2020-10-15,22.792
Ciutadella,2020-10-16,26.696
Ciutadella,2020-10-17,31.826
Ciutadella,2020-10-18,19.783
Ciutadella,2020-10-19,43.958
Ciutadella,2020-10-20,30.478
Ciutadella,2020-10-21,21.850
Ciutadella,2020-10-22,39.435
Ciutadella,2020-10-23,25.913
Ciutadella,2020-10-24,17.348
Ciutadella,2020-10-25,11.091
Ciutadella,2020-10-26,11.913
Ciutadella,2020-10-27,25.217
Ciutadella,2020-10-28,34.739
Ciutadella,2020-10-29,44.783
Ciutadella,2020-10-30,37.833
Ciutadella,2020-10-31,10.208
Ciutadella,2020-11-01,16.478
Ciutadella,2020-11-02,22.696
Ciutadella,2020-11-03,1.000
Ciutadella,2020-11-04,38.875
Ciutadella,2020-11-05,20.783
Ciutadella,2020-11-06,11.522
Ciutadella,2020-11-07,10.565
Ciutadella,2020-11-08,21.292
Ciutadella,2020-11-09,34.304
Ciutadella,2020-11-10,31.000
Ciutadella,2020-11-11,30.826
Ciutadella,2020-11-12,36.348
Ciutadella,2020-11-13,39.750
Ciutadella,2020-11-14,24.783
Ciutadella,2020-11-15,19.913
Ciutadella,2020-11-16,25.778
Ciutadella,2020-11-17,27.478
Ciutadella,2020-11-18,43.958
Ciutadella,2020-11-19,46.870
Ciutadella,2020-11-21,29.348
Ciutadella,2020-11-22,25.652
Ciutadella,2020-11-23,50.609
Ciutadella,2020-11-24,56.522
Ciutadella,2020-11-25,57.130
Ciutadella,2020-11-26,30.348
Ciutadella,2020-11-27,11.667
Eixample,2020-01-01,36.833
Eixample,2020-01-02,42.609
Eixample,2020-01-03,42.130
Eixample,2020-01-04,41.391
Eixample,2020-01-05,43.583
Eixample,2020-01-06,54.391
Eixample,2020-01-07,56.435
Eixample,2020-01-08,79.522
Eixample,2020-01-09,63.609
Eixample,2020-01-10,66.478
Eixample,2020-01-11,37.522
Eixample,2020-01-12,49.870
Eixample,2020-01-13,48.208
Eixample,2020-01-14,68.087
Eixample,2020-01-15,83.714
Eixample,2020-01-16,77.792
Eixample,2020-01-17,55.261
Eixample,2020-01-18,43.667
Eixample,2020-01-19,25.667
Eixample,2020-01-20,24.304
Eixample,2020-01-21,22.130
Eixample,2020-01-22,40.174
Eixample,2020-01-23,50.696
Eixample,2020-01-24,68.174
Eixample,2020-01-27,47.391
Eixample,2020-01-28,43.739
Eixample,2020-01-29,70.542
Eixample,2020-01-30,64.818
Eixample,2020-01-31,79.385
Eixample,2020-02-01,55.375
Eixample,2020-02-02,38.375
Eixample,2020-02-03,67.696
Eixample,2020-02-04,37.875
Eixample,2020-02-05,46.042
Eixample,2020-02-06,56.043
Eixample,2020-02-07,76.292
Eixample,2020-02-08,56.792
Eixample,2020-02-09,42.958
Eixample,2020-02-10,46.250
Eixample,2020-02-11,49.739
Eixample,2020-02-12,37.684
Eixample,2020-02-13,43.304
Eixample,2020-02-14,56.174
Eixample,2020-02-15,34.625
Eixample,2020-02-16,21.739
Eixample,2020-02-17,46.042
Eixample,2020-02-18,42.217
Eixample,2020-02-19,51.435
Eixample,2020-02-20,47.958
Eixample,2020-02-21,60.958
Eixample,2020-02-22,49.478
Eixample,2020-02-23,50.375
Eixample,2020-02-24,64.391
Eixample,2020-02-25,56.478
Eixample,2020-02-26,35.000
Eixample,2020-02-27,26.000
Eixample,2020-02-28,44.957
Eixample,2020-02-29,37.565
Eixample,2020-03-01,26.783
Eixample,2020-03-02,23.826
Eixample,2020-03-03,25.522
Eixample,2020-03-04,52.261
Eixample,2020-03-05,43.304
Eixample,2020-03-06,28.522
Eixample,2020-03-07,25.174
Eixample,2020-03-08,32.833
Eixample,2020-03-09,40.909
Eixample,2020-03-10,35.792
Eixample,2020-03-11,59.391
Eixample,2020-03-12,63.391
Eixample,2020-03-13,52.130
Eixample,2020-03-14,36.870
Eixample,2020-03-15,20.667
Eixample,2020-03-16,15.435
Eixample,2020-03-17,20.750
Eixample,2020-03-18,34.739
Eixample,2020-03-19,27.455
Eixample,2020-03-20,18.130
Eixample,2020-03-21,13.750
Eixample,2020-03-22,8.652
Eixample,2020-03-23,14.261
Eixample,2020-03-24,9.583
Eixample,2020-03-25,17.833
Eixample,2020-03-26,18.375
Eixample,2020-03-27,23.708
Eixample,2020-03-28,19.217
Eixample,2020-03-29,25.565
Eixample,2020-03-30,17.478
Eixample,2020-03-31,16.174
Eixample,2020-04-01,11.917
Eixample,2020-04-02,12.625
Eixample,2020-04-03,25.833
Eixample,2020-04-04,29.304
Eixample,2020-04-05,20.458
Eixample,2020-04-06,27.682
Eixample,2020-04-07,24.708
Eixample,2020-04-08,25.783
Eixample,2020-04-09,24.826
Eixample,2020-04-10,30.667
Eixample,2020-04-11,21.042
Eixample,2020-04-12,15.500
Eixample,2020-04-13,10.174
Eixample,2020-04-14,19.875
Eixample,2020-04-15,21.043
Eixample,2020-04-16,12.958
Eixample,2020-04-17,22.478
Eixample,2020-04-18,14.522
Eixample,2020-04-19,10.826
Eixample,2020-04-20,26.625
Eixample,2020-04-21,23.188
Eixample,2020-04-22,11.429
Eixample,2020-04-23,15.409
Eixample,2020-04-24,26.913
Eixample,2020-04-25,16.913
Eixample,2020-04-26,13.667
Eixample,2020-04-27,15.792
Eixample,2020-04-28,8.792
Eixample,2020-04-29,13.042
Eixample,2020-04-30,14.000
Eixample,2020-05-01,11.391
Eixample,2020-05-02,13.208
Eixample,2020-05-03,19.000
Eixample,2020-05-04,35.652
Eixample,2020-05-05,33.833
Eixample,2020-05-06,37.182
Eixample,2020-05-07,25.667
Eixample,2020-05-08,15.833
Eixample,2020-05-09,10.833
Eixample,2020-05-10,8.565
Eixample,2020-05-11,14.000
Eixample,2020-05-12,18.957
Eixample,2020-05-13,17.609
Eixample,2020-05-14,20.913
Eixample,2020-05-15,17.818
Eixample,2020-05-16,13.333
Eixample,2020-05-17,8.750
Eixample,2020-05-18,29.458
Eixample,2020-05-19,39.826
Eixample,2020-05-20,50.957
Eixample,2020-05-21,50.571
Eixample,2020-05-22,38.500
Eixample,2020-05-23,22.125
Eixample,2020-05-24,10.609
Eixample,2020-05-25,28.826
Eixample,2020-05-26,46.250
Eixample,2020-05-27,26.083
Eixample,2020-05-28,21.167
Eixample,2020-05-29,27.583
Eixample,2020-05-30,17.130
Eixample,2020-05-31,15.000
Eixample,2020-06-01,21.250
Eixample,2020-06-02,36.389
Eixample,2020-06-03,25.167
Eixample,2020-06-04,24.174
Eixample,2020-06-05,24.652
Eixample,2020-06-06,21.957
Eixample,2020-06-07,11.417
Eixample,2020-06-08,24.667
Eixample,2020-06-09,28.458
Eixample,2020-06-10,34.261
Eixample,2020-06-11,29.500
Eixample,2020-06-12,25.417
Eixample,2020-06-13,23.217
Eixample,2020-06-14,18.826
Eixample,2020-06-15,33.042
Eixample,2020-06-16,31.250
Eixample,2020-06-17,33.500
Eixample,2020-06-18,26.261
Eixample,2020-06-19,39.000
Eixample,2020-06-20,25.708
Eixample,2020-06-21,28.913
Eixample,2020-06-22,46.792
Eixample,2020-06-23,30.565
Eixample,2020-06-24,20.708
Eixample,2020-06-25,42.417
Eixample,2020-06-26,54.833
Eixample,2020-06-27,26.542
Eixample,2020-06-28,22.167
Eixample,2020-06-29,35.500
Eixample,2020-06-30,37.391
Eixample,2020-07-01,40.273
Eixample,2020-07-02,31.125
Eixample,2020-07-03,30.250
Eixample,2020-07-04,22.565
Eixample,2020-07-05,36.917
Eixample,2020-07-06,48.792
Eixample,2020-07-07,31.261
Eixample,2020-07-08,45.167
Eixample,2020-07-09,43.375
Eixample,2020-07-10,50.667
Eixample,2020-07-11,29.478
Eixample,2020-07-12,23.043
Eixample,2020-07-13,42.739
Eixample,2020-07-14,37.318
Eixample,2020-07-15,31.227
Eixample,2020-07-16,33.565
Eixample,2020-07-17,34.750
Eixample,2020-07-18,24.000
Eixample,2020-07-19,15.542
Eixample,2020-07-20,30.609
Eixample,2020-07-21,36.043
Eixample,2020-07-22,43.217
Eixample,2020-07-23,55.913
Eixample,2020-07-24,46.565
Eixample,2020-07-25,19.913
Eixample,2020-07-26,14.125
Eixample,2020-07-27,31.913
Eixample,2020-07-28,36.950
Eixample,2020-07-29,34.125
Eixample,2020-07-30,51.130
Eixample,2020-07-31,48.957
Eixample,2020-08-01,42.542
Eixample,2020-08-02,14.609
Eixample,2020-08-03,26.292
Eixample,2020-08-04,25.292
Eixample,2020-08-05,28.167
Eixample,2020-08-06,31.348
Eixample,2020-08-10,45.167
Eixample,2020-08-11,37.364
Eixample,2020-08-12,27.435
Eixample,2020-08-13,26.375
Eixample,2020-08-14,29.174
Eixample,2020-08-15,15.583
Eixample,2020-08-16,15.250
Eixample,2020-08-17,26.348
Eixample,2020-08-18,25.917
Eixample,2020-08-19,25.625
Eixample,2020-08-20,28.261
Eixample,2020-08-21,19.261
Eixample,2020-08-22,19.292
Eixample,2020-08-23,20.833
Eixample,2020-08-24,25.750
Eixample,2020-08-25,25.304
Eixample,2020-08-26,24.417
Eixample,2020-08-27,27.682
Eixample,2020-08-28,29.043
Eixample,2020-08-29,19.875
Eixample,2020-08-30,18.208
Eixample,2020-08-31,26.783
Eixample,2020-09-01,42.875
Eixample,2020-09-02,34.000
Eixample,2020-09-03,41.957
Eixample,2020-09-04,46.870
Eixample,2020-09-05,24.583
Eixample,2020-09-06,26.625
Eixample,2020-09-07,25.917
Eixample,2020-09-08,43.087
Eixample,2020-09-09,50.652
Eixample,2020-09-10,43.348
Eixample,2020-09-11,30.696
Eixample,2020-09-13,44.913
Eixample,2020-09-14,68.182
Eixample,2020-09-15,43.174
Eixample,2020-09-16,50.870
Eixample,2020-09-17,57.652
Eixample,2020-09-18,59.909
Eixample,2020-09-19,37.957
Eixample,2020-09-20,19.130
Eixample,2020-09-21,47.217
Eixample,2020-09-22,44.348
Eixample,2020-09-23,49.565
Eixample,2020-09-24,33.696
Eixample,2020-09-25,19.095
Eixample,2020-09-26,16.870
Eixample,2020-09-27,24.208
Eixample,2020-09-28,34.913
Eixample,2020-09-29,47.792
Eixample,2020-09-30,45.292
Eixample,2020-10-01,44.542
Eixample,2020-10-02,36.652
Eixample,2020-10-03,16.391
Eixample,2020-10-04,20.522
Eixample,2020-10-05,30.750
Eixample,2020-10-06,42.875
Eixample,2020-10-07,39.261
Eixample,2020-10-08,34.364
Eixample,2020-10-09,50.609
Eixample,2020-10-10,37.957
Eixample,2020-10-11,23.348
Eixample,2020-10-12,23.957
Eixample,2020-10-13,42.792
Eixample,2020-10-14,35.810
Eixample,2020-10-15,36.708
Eixample,2020-10-16,39.652
Eixample,2020-10-17,46.391
Eixample,2020-10-18,45.000
Eixample,2020-10-19,68.625
Eixample,2020-10-20,57.826
Eixample,2020-10-21,50.273
Eixample,2020-10-22,64.522
Eixample,2020-10-23,40.478
Eixample,2020-10-24,27.348
Eixample,2020-10-25,24.273
Eixample,2020-10-26,26.211
Eixample,2020-10-27,34.130
Eixample,2020-10-28,46.478
Eixample,2020-10-29,58.826
Eixample,2020-10-30,53.833
Eixample,2020-10-31,43.125
Eixample,2020-11-01,34.261
Eixample,2020-11-02,45.783
Eixample,2020-11-03,40.130
Eixample,2020-11-04,36.391
Eixample,2020-11-05,35.565
Eixample,2020-11-06,27.333
Eixample,2020-11-07,30.913
Eixample,2020-11-08,31.417
Eixample,2020-11-09,58.609
Eixample,2020-11-10,57.565
Eixample,2020-11-11,39.957
Eixample,2020-11-12,49.739
Eixample,2020-11-13,68.750
Eixample,2020-11-14,41.500
Eixample,2020-11-16,40.462
Eixample,2020-11-17,48.957
Eixample,2020-11-18,59.958
Eixample,2020-11-19,48.957
Eixample,2020-11-21,43.826
Eixample,2020-11-22,40.957
Eixample,2020-11-23,55.957
Eixample,2020-11-24,57.435
Eixample,2020-11-25,74.826
Eixample,2020-11-26,49.826
Eixample,2020-11-27,31.083
Gràcia,2020-01-01,41.750
Gràcia,2020-01-02,41.435
Gràcia,2020-01-03,43.696
Gràcia,2020-01-04,51.478
Gràcia,2020-01-05,51.375
Gràcia,2020-01-06,41.130
Gràcia,2020-01-07,69.957
Gràcia,2020-01-08,66.955
Gràcia,2020-01-09,61.304
Gràcia,2020-01-10,54.348
Gràcia,2020-01-11,38.348
Gràcia,2020-01-12,48.826
Gràcia,2020-01-13,54.167
Gràcia,2020-01-14,57.739
Gràcia,2020-01-15,67.565
Gràcia,2020-01-16,65.250
Gràcia,2020-01-17,42.087
Gràcia,2020-01-18,39.542
Gràcia,2020-01-19,17.375
Gràcia,2020-01-20,13.652
Gràcia,2020-01-21,14.111
Gràcia,2020-01-22,28.478
Gràcia,2020-01-23,50.348
Gràcia,2020-01-24,71.957
Gràcia,2020-01-27,36.870
Gràcia,2020-01-28,32.478
Gràcia,2020-01-29,64.083
Gràcia,2020-01-30,46.625
Gràcia,2020-01-31,69.609
Gràcia,2020-02-01,48.833
Gràcia,2020-02-02,31.500
Gràcia,2020-02-03,68.087
Gràcia,2020-02-04,32.000
Gràcia,2020-02-05,48.667
Gràcia,2020-02-06,54.957
Gràcia,2020-02-07,61.375
Gràcia,2020-02-08,52.500
Gràcia,2020-02-09,38.417
Gràcia,2020-02-10,44.792
Gràcia,2020-02-11,41.652
Gràcia,2020-02-12,30.190
Gràcia,2020-02-13,47.391
Gràcia,2020-02-14,50.870
Gràcia,2020-02-15,35.958
Gràcia,2020-02-16,23.435
Gràcia,2020-02-17,42.333
Gràcia,2020-02-18,41.304
Gràcia,2020-02-19,47.174
Gràcia,2020-02-20,54.000
Gràcia,2020-02-21,62.292
Gràcia,2020-02-22,46.087
Gràcia,2020-02-23,57.375
Gràcia,2020-02-24,74.174
Gràcia,2020-02-25,61.095
Gràcia,2020-02-26,26.333
Gràcia,2020-02-27,22.478
Gràcia,2020-02-28,45.174
Gràcia,2020-02-29,35.087
Gràcia,2020-03-01,23.304
Gràcia,2020-03-02,18.391
Gràcia,2020-03-03,26.348
Gràcia,2020-03-04,45.217
Gràcia,2020-03-05,45.870
Gràcia,2020-03-06,18.870
Gràcia,2020-03-07,19.478
Gràcia,2020-03-08,28.250
Gràcia,2020-03-09,34.348
Gràcia,2020-03-10,41.048
Gràcia,2020-03-11,60.565
Gràcia,2020-03-12,75.478
Gràcia,2020-03-13,54.478
Gràcia,2020-03-14,37.304
Gràcia,2020-03-15,18.333
Gràcia,2020-03-16,15.261
Gràcia,2020-03-17,20.042
Gràcia,2020-03-18,30.217
Gràcia,2020-03-19,30.261
Gràcia,2020-03-20,18.714
Gràcia,2020-03-21,14.292
Gràcia,2020-03-22,9.130
Gràcia,2020-03-23,13.739
Gràcia,2020-03-24,9.792
Gràcia,2020-03-25,20.167
Gràcia,2020-03-26,19.625
Gràcia,2020-03-27,24.458
Gràcia,2020-03-28,19.174
Gràcia,2020-03-29,28.348
Gràcia,2020-03-30,17.261
Gràcia,2020-03-31,17.783
Gràcia,2020-04-01,10.875
Gràcia,2020-04-02,13.750
Gràcia,2020-04-03,24.667
Gràcia,2020-04-04,26.261
Gràcia,2020-04-05,24.583
Gràcia,2020-04-06,25.043
Gràcia,2020-04-07,25.917
Gràcia,2020-04-08,27.478
Gràcia,2020-04-09,23.391
Gràcia,2020-04-10,32.083
Gràcia,2020-04-11,23.250
Gràcia,2020-04-12,15.125
Gràcia,2020-04-13,8.870
Gràcia,2020-04-14,19.708
Gràcia,2020-04-15,20.304
Gràcia,2020-04-16,14.958
Gràcia,2020-04-17,22.130
Gràcia,2020-04-18,14.478
Gràcia,2020-04-19,9.087
Gràcia,2020-04-20,28.208
Gràcia,2020-04-21,21.062
Gràcia,2020-04-22,10.304
Gràcia,2020-04-23,21.435
Gràcia,2020-04-24,33.522
Gràcia,2020-04-25,22.913
Gràcia,2020-04-26,17.000
Gràcia,2020-04-27,18.750
Gràcia,2020-04-28,12.292
Gràcia,2020-04-29,14.042
Gràcia,2020-04-30,11.130
Gràcia,2020-05-01,10.174
Gràcia,2020-05-02,12.000
Gràcia,2020-05-03,11.417
Gràcia,2020-05-04,30.739
Gràcia,2020-05-05,30.250
Gràcia,2020-05-06,34.000
Gràcia,2020-05-07,22.042
Gràcia,2020-05-08,15.727
Gràcia,2020-05-09,13.583
Gràcia,2020-05-10,7.957
Gràcia,2020-05-11,14.417
Gràcia,2020-05-12,18.217
Gràcia,2020-05-13,14.826
Gràcia,2020-05-14,21.217
Gràcia,2020-05-15,18.875
Gràcia,2020-05-16,12.833
Gràcia,2020-05-17,10.167
Gràcia,2020-05-18,24.917
Gràcia,2020-05-19,39.174
Gràcia,2020-05-20,44.167
Gràcia,2020-05-21,52.391
Gràcia,2020-05-22,37.917
Gràcia,2020-05-23,21.125
Gràcia,2020-05-24,10.000
Gràcia,2020-05-25,24.217
Gràcia,2020-05-26,42.167
Gràcia,2020-05-27,28.917
Gràcia,2020-05-28,21.250
Gràcia,2020-05-29,25.500
Gràcia,2020-05-30,14.348
Gràcia,2020-05-31,13.458
Gràcia,2020-06-01,16.375
Gràcia,2020-06-02,31.870
Gràcia,2020-06-03,18.783
Gràcia,2020-06-04,19.391
Gràcia,2020-06-05,21.364
Gràcia,2020-06-06,15.652
Gràcia,2020-06-07,9.583
Gràcia,2020-06-08,20.500
Gràcia,2020-06-09,24.500
Gràcia,2020-06-10,28.304
Gràcia,2020-06-11,25.583
Gràcia,2020-06-12,18.542
Gràcia,2020-06-13,17.217
Gràcia,2020-06-14,12.565
Gràcia,2020-06-15,24.667
Gràcia,2020-06-16,25.792
Gràcia,2020-06-17,25.875
Gràcia,2020-06-18,21.174
Gràcia,2020-06-19,27.318
Gràcia,2020-06-20,22.043
Gràcia,2020-06-21,21.043
Gràcia,2020-06-22,45.458
Gràcia,2020-06-23,30.000
Gràcia,2020-06-24,18.750
Gràcia,2020-06-25,37.875
Gràcia,2020-06-26,50.083
Gràcia,2020-06-27,20.250
Gràcia,2020-06-28,15.833
Gràcia,2020-06-29,28.292
Gràcia,2020-06-30,28.696
Gràcia,2020-07-01,36.727
Gràcia,2020-07-02,27.684
Gràcia,2020-07-03,20.833
Gràcia,2020-07-04,14.435
Gràcia,2020-07-05,26.292
Gràcia,2020-07-06,38.208
Gràcia,2020-07-07,20.435
Gràcia,2020-07-08,34.792
Gràcia,2020-07-09,32.583
Gràcia,2020-07-10,39.292
Gràcia,2020-07-11,19.739
Gràcia,2020-07-12,18.217
Gràcia,2020-07-13,31.957
Gràcia,2020-07-14,28.130
Gràcia,2020-07-15,21.650
Gràcia,2020-07-16,22.000
Gràcia,2020-07-17,23.792
Gràcia,2020-07-18,18.125
Gràcia,2020-07-19,14.875
Gràcia,2020-07-20,26.565
Gràcia,2020-07-21,35.043
Gràcia,2020-07-22,36.957
Gràcia,2020-07-23,46.696
Gràcia,2020-07-24,39.913
Gràcia,2020-07-25,18.739
Gràcia,2020-07-26,12.375
Gràcia,2020-07-27,30.696
Gràcia,2020-07-28,32.957
Gràcia,2020-07-29,24.542
Gràcia,2020-07-30,40.905
Gràcia,2020-07-31,44.609
Gràcia,2020-08-01,37.375
Gràcia,2020-08-02,6.913
Gràcia,2020-08-03,17.333
Gràcia,2020-08-04,17.042
Gràcia,2020-08-05,23.792
Gràcia,2020-08-06,24.826
Gràcia,2020-08-10,41.917
Gràcia,2020-08-11,34.870
Gràcia,2020-08-12,21.043
Gràcia,2020-08-13,22.458
Gràcia,2020-08-14,24.190
Gràcia,2020-08-15,13.250
Gràcia,2020-08-16,13.583
Gràcia,2020-08-17,21.217
Gràcia,2020-08-18,24.500
Gràcia,2020-08-19,23.500
Gràcia,2020-08-20,31.348
Gràcia,2020-08-21,19.304
Gràcia,2020-08-22,17.542
Gràcia,2020-08-23,18.375
Gràcia,2020-08-24,21.167
Gràcia,2020-08-25,21.565
Gràcia,2020-08-26,22.292
Gràcia,2020-08-27,26.708
Gràcia,2020-08-28,24.381
Gràcia,2020-08-29,15.417
Gràcia,2020-08-30,12.583
Gràcia,2020-08-31,19.696
Gràcia,2020-09-01,38.375
Gràcia,2020-09-02,30.917
Gràcia,2020-09-03,40.261
Gràcia,2020-09-04,41.478
Gràcia,2020-09-05,22.792
Gràcia,2020-09-06,19.292
Gràcia,2020-09-07,24.708
Gràcia,2020-09-08,40.261
Gràcia,2020-09-09,50.522
Gràcia,2020-09-10,49.522
Gràcia,2020-09-11,30.870
Gràcia,2020-09-13,47.217
Gràcia,2020-09-14,69.130
Gràcia,2020-09-15,44.048
Gràcia,2020-09-16,56.826
Gràcia,2020-09-17,71.087
Gràcia,2020-09-18,56.217
Gràcia,2020-09-19,31.478
Gràcia,2020-09-20,12.217
Gràcia,2020-09-21,41.391
Gràcia,2020-09-22,39.304
Gràcia,2020-09-23,45.957
Gràcia,2020-09-24,23.174
Gràcia,2020-09-25,9.478
Gràcia,2020-09-26,8.522
Gràcia,2020-09-27,17.333
Gràcia,2020-09-28,29.091
Gràcia,2020-09-29,46.083
Gràcia,2020-09-30,47.667
Gràcia,2020-10-01,39.542
Gràcia,2020-10-02,34.826
Gràcia,2020-10-03,10.870
Gràcia,2020-10-04,10.391
Gràcia,2020-10-05,29.167
Gràcia,2020-10-06,43.750
Gràcia,2020-10-07,37.565
Gràcia,2020-10-08,38.917
Gràcia,2020-10-09,49.739
Gràcia,2020-10-10,34.304
Gràcia,2020-10-11,18.000
Gràcia,2020-10-12,16.826
Gràcia,2020-10-13,38.045
Gràcia,2020-10-14,29.333
Gràcia,2020-10-15,31.000
Gràcia,2020-10-16,38.783
Gràcia,2020-10-17,45.652
Gràcia,2020-10-18,30.652
Gràcia,2020-10-19,54.958
Gràcia,2020-10-20,50.652
Gràcia,2020-10-21,40.773
Gràcia,2020-10-22,57.304
Gràcia,2020-10-23,32.174
Gràcia,2020-10-24,21.783
Gràcia,2020-10-25,19.182
Gràcia,2020-10-26,18.304
Gràcia,2020-10-27,28.870
Gràcia,2020-10-28,46.211
Gràcia,2020-10-29,51.174
Gràcia,2020-10-30,56.917
Gràcia,2020-10-31,41.583
Gràcia,2020-11-01,33.087
Gràcia,2020-11-02,46.000
Gràcia,2020-11-03,36.478
Gràcia,2020-11-04,35.913
Gràcia,2020-11-05,27.087
Gràcia,2020-11-06,19.261
Gràcia,2020-11-07,20.957
Gràcia,2020-11-08,31.333
Gràcia,2020-11-09,67.870
Gràcia,2020-11-10,46.714
Gràcia,2020-11-11,40.435
Gràcia,2020-11-12,43.348
Gràcia,2020-11-13,64.083
Gràcia,2020-11-14,38.000
Gràcia,2020-11-15,25.087
Gràcia,2020-11-16,30.348
Gràcia,2020-11-17,44.522
Gràcia,2020-11-18,59.667
Gràcia,2020-11-19,52.842
Gràcia,2020-11-21,41.217
Gràcia,2020-11-22,33.609
Gràcia,2020-11-23,52.130
Gràcia,2020-11-24,47.826
Gràcia,2020-11-25,69.826
Gràcia,2020-11-26,40.522
Gràcia,2020-11-27,19.125
Palau Reial,2020-01-01,29.696
Palau Reial,2020-01-02,32.810
Palau Reial,2020-01-03,29.652
Palau Reial,2020-01-04,43.000
Palau Reial,2020-01-05,27.696
Palau Reial,2020-01-06,14.000
Palau Reial,2020-01-07,43.870
Palau Reial,2020-01-08,58.591
Palau Reial,2020-01-09,42.435
Palau Reial,2020-01-10,32.652
Palau Reial,2020-01-11,16.565
Palau Reial,2020-01-12,40.696
Palau Reial,2020-01-13,31.333
Palau Reial,2020-01-14,40.304
Palau Reial,2020-01-15,54.870
Palau Reial,2020-01-16,56.125
Palau Reial,2020-01-17,24.550
Palau Reial,2020-01-18,23.708
Palau Reial,2020-01-19,12.250
Palau Reial,2020-01-20,9.087
Palau Reial,2020-01-21,11.739
Palau Reial,2020-01-22,18.957
Palau Reial,2020-01-23,27.571
Palau Reial,2020-01-24,69.000
Palau Reial,2020-01-27,24.348
Palau Reial,2020-01-28,17.087
Palau Reial,2020-01-29,53.583
Palau Reial,2020-01-30,35.450
Palau Reial,2020-01-31,40.043
Palau Reial,2020-02-01,53.000
Palau Reial,2020-02-02,22.304
Palau Reial,2020-02-03,55.800
Palau Reial,2020-02-04,22.467
Palau Reial,2020-02-05,4.000
Palau Reial,2020-02-06,40.864
Palau Reial,2020-02-07,26.000
Palau Reial,2020-02-08,32.652
Palau Reial,2020-02-09,29.000
Palau Reial,2020-02-10,29.609
Palau Reial,2020-02-11,26.957
Palau Reial,2020-02-12,21.739
Palau Reial,2020-02-13,37.950
Palau Reial,2020-02-14,38.636
Palau Reial,2020-02-15,29.500
Palau Reial,2020-02-16,18.348
Palau Reial,2020-02-17,28.542
Palau Reial,2020-02-18,30.000
Palau Reial,2020-02-19,27.000
Palau Reial,2020-02-20,39.783
Palau Reial,2020-02-21,43.333
Palau Reial,2020-02-22,36.826
Palau Reial,2020-02-23,46.833
Palau Reial,2020-02-24,56.304
Palau Reial,2020-02-25,45.826
Palau Reial,2020-02-26,11.409
Palau Reial,2020-02-27,12.111
Palau Reial,2020-02-28,25.522
Palau Reial,2020-02-29,21.000
Palau Reial,2020-03-01,13.957
Palau Reial,2020-03-02,8.435
Palau Reial,2020-03-03,11.217
Palau Reial,2020-03-04,32.217
Palau Reial,2020-03-05,24.913
Palau Reial,2020-03-06,6.130
Palau Reial,2020-03-07,6.348
Palau Reial,2020-03-08,13.375
Palau Reial,2020-03-09,18.130
Palau Reial,2020-03-10,24.333
Palau Reial,2020-03-11,47.000
Palau Reial,2020-03-12,54.957
Palau Reial,2020-03-13,40.652
Palau Reial,2020-03-14,26.696
Palau Reial,2020-03-15,12.542
Palau Reial,2020-03-16,10.435
Palau Reial,2020-03-17,16.583
Palau Reial,2020-03-18,31.522
Palau Reial,2020-03-19,24.870
Palau Reial,2020-03-20,13.043
Palau Reial,2020-03-21,8.292
Palau Reial,2020-03-22,5.783
Palau Reial,2020-03-23,10.455
Palau Reial,2020-03-24,6.750
Palau Reial,2020-03-25,9.050
Palau Reial,2020-03-26,10.263
Palau Reial,2020-03-27,11.042
Palau Reial,2020-03-28,9.783
Palau Reial,2020-03-29,13.957
Palau Reial,2020-03-30,10.174
Palau Reial,2020-03-31,14.348
Palau Reial,2020-04-01,8.375
Palau Reial,2020-04-02,9.458
Palau Reial,2020-04-03,13.792
Palau Reial,2020-04-04,15.348
Palau Reial,2020-04-05,12.792
Palau Reial,2020-04-06,16.292
Palau Reial,2020-04-07,14.429
Palau Reial,2020-04-08,16.565
Palau Reial,2020-04-09,17.174
Palau Reial,2020-04-10,10.750
Palau Reial,2020-04-11,14.167
Palau Reial,2020-04-12,9.125
Palau Reial,2020-04-13,6.000
Palau Reial,2020-04-14,14.208
Palau Reial,2020-04-15,13.826
Palau Reial,2020-04-16,9.208
Palau Reial,2020-04-17,12.783
Palau Reial,2020-04-18,10.348
Palau Reial,2020-04-19,7.565
Palau Reial,2020-04-20,19.167
Palau Reial,2020-04-21,13.188
Palau Reial,2020-04-22,7.565
Palau Reial,2020-04-23,14.667
Palau Reial,2020-04-24,21.391
Palau Reial,2020-04-25,17.696
Palau Reial,2020-04-26,8.917
Palau Reial,2020-04-27,13.292
Palau Reial,2020-04-28,5.833
Palau Reial,2020-04-29,9.750
Palau Reial,2020-04-30,6.087
Palau Reial,2020-05-01,6.565
Palau Reial,2020-05-02,7.708
Palau Reial,2020-05-03,9.292
Palau Reial,2020-05-04,19.652
Palau Reial,2020-05-05,20.167
Palau Reial,2020-05-06,20.350
Palau Reial,2020-05-07,12.292
Palau Reial,2020-05-08,7.792
Palau Reial,2020-05-09,7.208
Palau Reial,2020-05-10,5.217
Palau Reial,2020-05-11,9.333
Palau Reial,2020-05-12,9.087
Palau Reial,2020-05-13,7.739
Palau Reial,2020-05-14,11.000
Palau Reial,2020-05-15,8.083
Palau Reial,2020-05-16,5.458
Palau Reial,2020-05-17,4.125
Palau Reial,2020-05-18,16.417
Palau Reial,2020-05-19,15.316
Palau Reial,2020-05-20,31.087
Palau Reial,2020-05-21,24.870
Palau Reial,2020-05-22,17.958
Palau Reial,2020-05-23,9.917
Palau Reial,2020-05-24,4.000
Palau Reial,2020-05-25,13.391
Palau Reial,2020-05-26,15.958
Palau Reial,2020-05-27,11.167
Palau Reial,2020-05-28,8.917
Palau Reial,2020-05-29,12.792
Palau Reial,2020-05-30,5.652
Palau Reial,2020-05-31,5.583
Palau Reial,2020-06-01,8.250
Palau Reial,2020-06-02,10.783
Palau Reial,2020-06-03,5.913
Palau Reial,2020-06-04,8.571
Palau Reial,2020-06-05,8.565
Palau Reial,2020-06-06,8.522
Palau Reial,2020-06-07,3.708
Palau Reial,2020-06-08,6.083
Palau Reial,2020-06-09,8.875
Palau Reial,2020-06-10,7.478
Palau Reial,2020-06-11,8.167
Palau Reial,2020-06-12,7.208
Palau Reial,2020-06-13,4.870
Palau Reial,2020-06-14,4.217
Palau Reial,2020-06-15,7.958
Palau Reial,2020-06-16,12.750
Palau Reial,2020-06-17,9.048
Palau Reial,2020-06-18,11.043
Palau Reial,2020-06-19,14.833
Palau Reial,2020-06-20,9.833
Palau Reial,2020-06-21,10.609
Palau Reial,2020-06-22,21.333
Palau Reial,2020-06-23,11.826
Palau Reial,2020-06-24,9.125
Palau Reial,2020-06-25,13.625
Palau Reial,2020-06-29,8.000
Palau Reial,2020-06-30,12.348
Palau Reial,2020-07-01,19.950
Palau Reial,2020-07-02,11.542
Palau Reial,2020-07-03,9.750
Palau Reial,2020-07-04,7.696
Palau Reial,2020-07-05,15.125
Palau Reial,2020-07-06,24.792
Palau Reial,2020-07-07,11.739
Palau Reial,2020-07-08,17.667
Palau Reial,2020-07-09,19.500
Palau Reial,2020-07-10,27.542
Palau Reial,2020-07-11,10.913
Palau Reial,2020-07-12,7.217
Palau Reial,2020-07-13,16.619
Palau Reial,2020-07-14,10.304
Palau Reial,2020-07-15,8.682
Palau Reial,2020-07-16,10.174
Palau Reial,2020-07-17,9.792
Palau Reial,2020-07-18,8.958
Palau Reial,2020-07-19,6.917
Palau Reial,2020-07-20,13.261
Palau Reial,2020-07-21,20.826
Palau Reial,2020-07-22,20.261
Palau Reial,2020-07-23,20.652
Palau Reial,2020-07-24,17.826
Palau Reial,2020-07-25,5.609
Palau Reial,2020-07-26,5.667
Palau Reial,2020-07-27,12.435
Palau Reial,2020-07-28,16.182
Palau Reial,2020-07-29,15.667
Palau Reial,2020-07-30,39.267
Palau Reial,2020-07-31,23.900
Palau Reial,2020-08-01,26.500
Palau Reial,2020-08-02,5.478
Palau Reial,2020-08-03,8.125
Palau Reial,2020-08-04,9.250
Palau Reial,2020-08-05,11.917
Palau Reial,2020-08-06,14.652
Palau Reial,2020-08-10,27.792
Palau Reial,2020-08-11,27.087
Palau Reial,2020-08-12,12.087
Palau Reial,2020-08-13,14.409
Palau Reial,2020-08-14,12.174
Palau Reial,2020-08-15,7.708
Palau Reial,2020-08-16,3.083
Palau Reial,2020-08-17,1.087
Palau Reial,2020-08-18,14.667
Palau Reial,2020-08-19,13.917
Palau Reial,2020-08-20,12.391
Palau Reial,2020-08-21,7.435
Palau Reial,2020-08-22,7.667
Palau Reial,2020-08-23,9.042
Palau Reial,2020-08-24,8.583
Palau Reial,2020-08-25,9.174
Palau Reial,2020-08-26,9.727
Palau Reial,2020-08-27,11.542
Palau Reial,2020-08-28,10.000
Palau Reial,2020-08-29,8.250
Palau Reial,2020-08-30,5.500
Palau Reial,2020-08-31,9.652
Palau Reial,2020-09-01,19.375
Palau Reial,2020-09-02,11.708
Palau Reial,2020-09-03,16.826
Palau Reial,2020-09-04,14.783
Palau Reial,2020-09-05,11.458
Palau Reial,2020-09-06,8.333
Palau Reial,2020-09-07,9.500
Palau Reial,2020-09-08,12.870
Palau Reial,2020-09-09,18.842
Palau Reial,2020-09-10,15.348
Palau Reial,2020-09-11,11.130
Palau Reial,2020-09-13,16.217
Palau Reial,2020-09-14,38.217
Palau Reial,2020-09-15,20.826
Palau Reial,2020-09-16,25.261
Palau Reial,2020-09-17,28.913
Palau Reial,2020-09-18,32.435
Palau Reial,2020-09-19,13.913
Palau Reial,2020-09-20,6.478
Palau Reial,2020-09-21,20.739
Palau Reial,2020-09-22,17.043
Palau Reial,2020-09-23,20.435
Palau Reial,2020-09-24,13.261
Palau Reial,2020-09-25,5.762
Palau Reial,2020-09-26,4.913
Palau Reial,2020-09-27,10.625
Palau Reial,2020-09-28,14.375
Palau Reial,2020-09-29,22.375
Palau Reial,2020-09-30,22.458
Palau Reial,2020-10-01,16.667
Palau Reial,2020-10-02,19.739
Palau Reial,2020-10-03,5.957
Palau Reial,2020-10-04,5.174
Palau Reial,2020-10-05,12.083
Palau Reial,2020-10-06,19.875
Palau Reial,2020-10-07,12.304
Palau Reial,2020-10-08,19.958
Palau Reial,2020-10-09,24.391
Palau Reial,2020-10-10,20.783
Palau Reial,2020-10-11,8.522
Palau Reial,2020-10-12,6.913
Palau Reial,2020-10-13,17.167
Palau Reial,2020-10-14,14.933
Palau Reial,2020-10-15,15.917
Palau Reial,2020-10-16,16.957
Palau Reial,2020-10-17,19.174
Palau Reial,2020-10-18,17.652
Palau Reial,2020-10-19,30.375
Palau Reial,2020-10-20,19.043
Palau Reial,2020-10-21,22.167
Palau Reial,2020-10-22,35.833
Palau Reial,2020-10-23,14.714
Palau Reial,2020-10-24,8.652
Palau Reial,2020-10-25,11.591
Palau Reial,2020-10-26,8.739
Palau Reial,2020-10-27,16.100
Palau Reial,2020-10-28,28.609
Palau Reial,2020-10-29,32.478
Palau Reial,2020-10-30,36.333
Palau Reial,2020-10-31,26.708
Palau Reial,2020-11-01,17.913
Palau Reial,2020-11-02,29.391
Palau Reial,2020-11-03,24.261
Palau Reial,2020-11-04,19.783
Palau Reial,2020-11-05,16.000
Palau Reial,2020-11-06,13.217
Palau Reial,2020-11-07,10.130
Palau Reial,2020-11-08,17.042
Palau Reial,2020-11-09,45.652
Palau Reial,2020-11-10,33.913
Palau Reial,2020-11-11,28.000
Palau Reial,2020-11-12,25.522
Palau Reial,2020-11-13,37.792
Palau Reial,2020-11-14,19.435
Palau Reial,2020-11-15,11.913
Palau Reial,2020-11-16,21.350
Palau Reial,2020-11-17,29.435
Palau Reial,2020-11-18,33.667
Palau Reial,2020-11-19,25.913
Palau Reial,2020-11-21,19.783
Palau Reial,2020-11-22,21.087
Palau Reial,2020-11-23,32.130
Palau Reial,2020-11-24,29.273
Palau Reial,2020-11-25,42.609
Palau Reial,2020-11-26,24.130
Palau Reial,2020-11-27,13.958
Poblenou,2020-01-01,32.292
Poblenou,2020-01-02,38.565
Poblenou,2020-01-03,38.957
Poblenou,2020-01-04,33.217
Poblenou,2020-01-05,29.292
Poblenou,2020-01-06,42.043
Poblenou,2020-01-07,52.478
Poblenou,2020-01-08,54.478
Poblenou,2020-01-09,52.913
Poblenou,2020-01-10,56.174
Poblenou,2020-01-11,31.435
Poblenou,2020-01-12,41.739
Poblenou,2020-01-13,62.000
Poblenou,2020-01-14,68.364
Poblenou,2020-01-15,69.087
Poblenou,2020-01-16,62.250
Poblenou,2020-01-17,49.348
Poblenou,2020-01-18,41.458
Poblenou,2020-01-19,16.417
Poblenou,2020-01-20,9.435
Poblenou,2020-01-21,14.391
Poblenou,2020-01-22,17.565
Poblenou,2020-01-23,40.435
Poblenou,2020-01-24,55.739
Poblenou,2020-01-27,48.100
Poblenou,2020-01-28,42.783
Poblenou,2020-01-29,50.000
Poblenou,2020-01-30,46.125
Poblenou,2020-01-31,58.478
Poblenou,2020-02-01,44.000
Poblenou,2020-02-02,37.917
Poblenou,2020-02-03,54.304
Poblenou,2020-02-04,32.833
Poblenou,2020-02-05,44.958
Poblenou,2020-02-06,52.435
Poblenou,2020-02-07,66.083
Poblenou,2020-02-08,51.750
Poblenou,2020-02-09,36.167
Poblenou,2020-02-10,48.545
Poblenou,2020-02-11,35.217
Poblenou,2020-02-12,17.913
Poblenou,2020-02-13,50.522
Poblenou,2020-02-14,38.261
Poblenou,2020-02-15,35.083
Poblenou,2020-02-16,24.783
Poblenou,2020-02-17,36.167
Poblenou,2020-02-18,29.913
Poblenou,2020-02-19,45.261
Poblenou,2020-02-20,54.870
Poblenou,2020-02-21,55.750
Poblenou,2020-02-22,37.304
Poblenou,2020-02-23,50.250
Poblenou,2020-02-24,66.435
Poblenou,2020-02-25,40.739
Poblenou,2020-02-26,30.167
Poblenou,2020-02-27,21.826
Poblenou,2020-02-28,40.087
Poblenou,2020-02-29,38.870
Poblenou,2020-03-01,20.391
Poblenou,2020-03-02,19.957
Poblenou,2020-03-03,22.435
Poblenou,2020-03-04,33.700
Poblenou,2020-03-05,27.000
Poblenou,2020-03-06,16.913
Poblenou,2020-03-07,20.000
Poblenou,2020-03-08,32.875
Poblenou,2020-03-09,32.043
Poblenou,2020-03-10,38.500
Poblenou,2020-03-11,41.174
Poblenou,2020-03-12,47.217
Poblenou,2020-03-13,47.174
Poblenou,2020-03-14,26.391
Poblenou,2020-03-15,21.250
Poblenou,2020-03-16,7.478
Poblenou,2020-03-17,12.667
Poblenou,2020-03-18,23.650
Poblenou,2020-03-19,23.913
Poblenou,2020-03-20,22.043
Poblenou,2020-03-21,13.958
Poblenou,2020-03-22,9.435
Poblenou,2020-03-23,9.261
Poblenou,2020-03-24,7.583
Poblenou,2020-03-25,15.250
Poblenou,2020-03-26,20.958
Poblenou,2020-03-27,21.625
Poblenou,2020-03-28,19.478
Poblenou,2020-03-29,16.217
Poblenou,2020-03-30,14.261
Poblenou,2020-03-31,13.696
Poblenou,2020-04-01,12.864
Poblenou,2020-04-02,6.250
Poblenou,2020-04-03,21.375
Poblenou,2020-04-04,20.783
Poblenou,2020-04-05,15.583
Poblenou,2020-04-06,20.667
Poblenou,2020-04-07,22.375
Poblenou,2020-04-08,17.522
Poblenou,2020-04-09,18.348
Poblenou,2020-04-10,16.000
Poblenou,2020-04-11,18.292
Poblenou,2020-04-12,8.958
Poblenou,2020-04-13,10.130
Poblenou,2020-04-14,15.667
Poblenou,2020-04-15,16.696
Poblenou,2020-04-16,7.000
Poblenou,2020-04-17,19.087
Poblenou,2020-04-18,11.478
Poblenou,2020-04-19,6.217
Poblenou,2020-04-20,28.833
Poblenou,2020-04-21,17.562
Poblenou,2020-04-22,7.783
Poblenou,2020-04-23,21.250
Poblenou,2020-04-24,28.913
Poblenou,2020-04-25,16.739
Poblenou,2020-04-26,13.167
Poblenou,2020-04-27,21.083
Poblenou,2020-04-28,13.542
Poblenou,2020-04-29,15.333
Poblenou,2020-04-30,17.000
Poblenou,2020-05-01,9.000
Poblenou,2020-05-02,8.333
Poblenou,2020-05-03,10.125
Poblenou,2020-05-04,27.909
Poblenou,2020-05-05,26.167
Poblenou,2020-05-06,24.174
Poblenou,2020-05-07,18.917
Poblenou,2020-05-08,12.333
Poblenou,2020-05-09,12.417
Poblenou,2020-05-10,4.522
Poblenou,2020-05-11,15.125
Poblenou,2020-05-12,12.826
Poblenou,2020-05-13,17.522
Poblenou,2020-05-14,15.818
Poblenou,2020-05-15,16.792
Poblenou,2020-05-16,13.375
Poblenou,2020-05-17,14.500
Poblenou,2020-05-18,25.583
Poblenou,2020-05-19,29.261
Poblenou,2020-05-20,32.435
Poblenou,2020-05-21,44.696
Poblenou,2020-05-22,39.458
Poblenou,2020-05-23,22.833
Poblenou,2020-05-24,11.870
Poblenou,2020-05-25,21.261
Poblenou,2020-05-26,30.917
Poblenou,2020-05-27,24.182
Poblenou,2020-05-28,15.083
Poblenou,2020-05-29,28.542
Poblenou,2020-05-30,18.783
Poblenou,2020-05-31,14.458
Poblenou,2020-06-01,16.375
Poblenou,2020-06-02,22.348
Poblenou,2020-06-03,22.000
Poblenou,2020-06-04,21.087
Poblenou,2020-06-05,18.043
Poblenou,2020-06-06,15.652
Poblenou,2020-06-07,9.750
Poblenou,2020-06-08,14.292
Poblenou,2020-06-09,22.750
Poblenou,2020-06-10,20.391
Poblenou,2020-06-11,20.000
Poblenou,2020-06-12,19.909
Poblenou,2020-06-13,19.696
Poblenou,2020-06-14,19.565
Poblenou,2020-06-15,24.083
Poblenou,2020-06-16,30.583
Poblenou,2020-06-17,23.125
Poblenou,2020-06-18,17.957
Poblenou,2020-06-19,24.750
Poblenou,2020-06-20,23.083
Poblenou,2020-06-21,19.957
Poblenou,2020-06-22,23.875
Poblenou,2020-06-23,32.783
Poblenou,2020-06-24,38.000
Poblenou,2020-06-25,27.429
Poblenou,2020-06-26,32.750
Poblenou,2020-06-27,23.000
Poblenou,2020-06-28,13.750
Poblenou,2020-06-29,17.130
Poblenou,2020-06-30,11.522
Poblenou,2020-07-01,20.708
Poblenou,2020-07-02,16.750
Poblenou,2020-07-03,14.167
Poblenou,2020-07-04,13.478
Poblenou,2020-07-05,24.417
Poblenou,2020-07-06,23.500
Poblenou,2020-07-07,16.619
Poblenou,2020-07-08,22.917
Poblenou,2020-07-09,23.542
Poblenou,2020-07-10,29.625
Poblenou,2020-07-11,28.217
Poblenou,2020-07-12,16.261
Poblenou,2020-07-13,30.130
Poblenou,2020-07-14,21.739
Poblenou,2020-07-15,27.818
Poblenou,2020-07-16,11.913
Poblenou,2020-07-17,19.375
Poblenou,2020-07-18,16.917
Poblenou,2020-07-19,16.083
Poblenou,2020-07-20,28.870
Poblenou,2020-07-21,22.810
Poblenou,2020-07-22,30.913
Poblenou,2020-07-23,33.652
Poblenou,2020-07-24,40.043
Poblenou,2020-07-25,20.130
Poblenou,2020-07-26,11.875
Poblenou,2020-07-27,29.435
Poblenou,2020-07-28,31.174
Poblenou,2020-07-29,22.083
Poblenou,2020-07-30,31.739
Poblenou,2020-07-31,37.087
Poblenou,2020-08-01,31.417
Poblenou,2020-08-02,11.130
Poblenou,2020-08-03,16.833
Poblenou,2020-08-04,14.167
Poblenou,2020-08-05,17.833
Poblenou,2020-08-06,24.913
Poblenou,2020-08-10,36.042
Poblenou,2020-08-11,27.261
Poblenou,2020-08-12,22.087
Poblenou,2020-08-13,17.500
Poblenou,2020-08-14,16.652
Poblenou,2020-08-15,18.625
Poblenou,2020-08-16,11.917
Poblenou,2020-08-17,21.217
Poblenou,2020-08-18,21.292
Poblenou,2020-08-19,27.375
Poblenou,2020-08-20,19.696
Poblenou,2020-08-21,18.870
Poblenou,2020-08-22,9.125
Poblenou,2020-08-23,18.750
Poblenou,2020-08-24,13.833
Poblenou,2020-08-25,31.391
Poblenou,2020-08-26,26.136
Poblenou,2020-08-27,24.917
Poblenou,2020-08-28,24.870
Poblenou,2020-08-29,17.000
Poblenou,2020-08-30,12.375
Poblenou,2020-08-31,22.391
Poblenou,2020-09-01,34.708
Poblenou,2020-09-02,31.917
Poblenou,2020-09-03,35.130
Poblenou,2020-09-04,32.826
Poblenou,2020-09-05,22.333
Poblenou,2020-09-06,16.500
Poblenou,2020-09-07,19.542
Poblenou,2020-09-08,29.435
Poblenou,2020-09-09,39.409
Poblenou,2020-09-10,37.870
Poblenou,2020-09-11,21.522
Poblenou,2020-09-13,25.739
Poblenou,2020-09-14,41.522
Poblenou,2020-09-15,40.609
Poblenou,2020-09-16,40.913
Poblenou,2020-09-17,50.391
Poblenou,2020-09-18,47.043
Poblenou,2020-09-19,35.522
Poblenou,2020-09-20,14.913
Poblenou,2020-09-21,41.727
Poblenou,2020-09-22,36.391
Poblenou,2020-09-23,46.826
Poblenou,2020-09-24,32.261
Poblenou,2020-09-25,12.783
Poblenou,2020-09-26,10.478
Poblenou,2020-09-27,20.917
Poblenou,2020-09-28,28.625
Poblenou,2020-09-29,44.652
Poblenou,2020-09-30,47.000
Poblenou,2020-10-01,35.292
Poblenou,2020-10-02,33.130
Poblenou,2020-10-03,11.261
Poblenou,2020-10-04,15.783
Poblenou,2020-10-05,25.458
Poblenou,2020-10-06,44.125
Poblenou,2020-10-07,28.478
Poblenou,2020-10-08,32.000
Poblenou,2020-10-09,42.913
Poblenou,2020-10-10,20.087
Poblenou,2020-10-11,15.696
Poblenou,2020-10-12,16.478
Poblenou,2020-10-13,32.292
Poblenou,2020-10-14,28.571
Poblenou,2020-10-15,30.250
Poblenou,2020-10-16,35.913
Poblenou,2020-10-17,41.609
Poblenou,2020-10-18,30.000
Poblenou,2020-10-19,50.708
Poblenou,2020-10-20,34.696
Poblenou,2020-10-21,29.100
Poblenou,2020-10-22,45.435
Poblenou,2020-10-23,33.870
Poblenou,2020-10-24,28.391
Poblenou,2020-10-25,19.818
Poblenou,2020-10-26,19.739
Poblenou,2020-10-27,36.391
Poblenou,2020-10-28,47.565
Poblenou,2020-10-29,54.217
Poblenou,2020-10-30,55.043
Poblenou,2020-10-31,38.958
Poblenou,2020-11-01,26.739
Poblenou,2020-11-02,46.391
Poblenou,2020-11-03,24.435
Poblenou,2020-11-04,33.870
Poblenou,2020-11-05,27.450
Poblenou,2020-11-06,18.143
Poblenou,2020-11-07,21.522
Poblenou,2020-11-08,28.750
Poblenou,2020-11-09,49.043
Poblenou,2020-11-10,46.304
Poblenou,2020-11-11,40.652
Poblenou,2020-11-12,53.913
Poblenou,2020-11-13,53.125
Poblenou,2020-11-14,33.696
Poblenou,2020-11-15,31.739
Poblenou,2020-11-16,29.609
Poblenou,2020-11-17,41.286
Poblenou,2020-11-18,51.600
Poblenou,2020-11-19,45.043
Poblenou,2020-11-21,34.652
Poblenou,2020-11-22,33.478
Poblenou,2020-11-23,54.783
Poblenou,2020-11-24,60.522
Poblenou,2020-11-25,62.217
Poblenou,2020-11-26,38.261
Poblenou,2020-11-27,16.083
Sants,2020-01-01,25.000
Sants,2020-01-02,34.826
Sants,2020-01-03,33.348
Sants,2020-01-04,32.000
Sants,2020-01-05,29.333
Sants,2020-01-06,44.261
Sants,2020-01-07,47.174
Sants,2020-01-08,54.391
Sants,2020-01-09,46.273
Sants,2020-01-10,46.043
Sants,2020-01-11,25.739
Sants,2020-01-12,34.174
Sants,2020-01-13,38.542
Sants,2020-01-14,44.348
Sants,2020-01-15,62.043
Sants,2020-01-16,54.458
Sants,2020-01-17,39.696
Sants,2020-01-18,24.792
Sants,2020-01-19,17.625
Sants,2020-01-20,14.412
Sants,2020-01-21,14.435
Sants,2020-01-22,22.913
Sants,2020-01-23,36.565
Sants,2020-01-24,57.609
Sants,2020-01-27,32.435
Sants,2020-01-28,31.565
Sants,2020-01-29,59.583
Sants,2020-01-30,44.818
Sants,2020-01-31,44.652
Sants,2020-02-01,49.917
Sants,2020-02-02,32.000
Sants,2020-02-03,51.696
Sants,2020-02-04,25.625
Sants,2020-02-05,30.250
Sants,2020-02-06,41.273
Sants,2020-02-07,56.875
Sants,2020-02-08,46.458
Sants,2020-02-09,30.042
Sants,2020-02-10,37.583
Sants,2020-02-11,39.000
Sants,2020-02-12,21.381
Sants,2020-02-13,31.130
Sants,2020-02-14,41.261
Sants,2020-02-15,26.625
Sants,2020-02-16,13.696
Sants,2020-02-17,31.875
Sants,2020-02-18,30.391
Sants,2020-02-19,38.261
Sants,2020-02-20,45.083
Sants,2020-02-21,45.708
Sants,2020-02-22,38.130
Sants,2020-02-23,41.792
Sants,2020-02-24,56.087
Sants,2020-02-25,44.609
Sants,2020-02-26,17.864
Sants,2020-02-27,17.478
Sants,2020-02-28,28.696
Sants,2020-02-29,28.348
Sants,2020-03-01,18.652
Sants,2020-03-02,11.952
Sants,2020-03-03,14.368
Sants,2020-03-04,39.522
Sants,2020-03-05,35.783
Sants,2020-03-06,12.739
Sants,2020-03-07,13.435
Sants,2020-03-08,20.833
Sants,2020-03-09,28.304
Sants,2020-03-10,28.083
Sants,2020-03-11,46.524
Sants,2020-03-12,51.087
Sants,2020-03-13,38.391
Sants,2020-03-14,28.739
Sants,2020-03-15,18.750
Sants,2020-03-16,11.696
Sants,2020-03-17,17.542
Sants,2020-03-18,35.130
Sants,2020-03-19,22.652
Sants,2020-03-20,16.435
Sants,2020-03-21,12.958
Sants,2020-03-22,9.000
Sants,2020-03-23,9.429
Sants,2020-03-24,7.792
Sants,2020-03-25,13.083
Sants,2020-03-26,15.083
Sants,2020-03-27,15.500
Sants,2020-03-28,15.957
Sants,2020-03-29,21.130
Sants,2020-03-30,14.478
Sants,2020-03-31,15.478
Sants,2020-04-01,10.167
Sants,2020-04-02,10.875
Sants,2020-04-03,19.750
Sants,2020-04-04,22.348
Sants,2020-04-05,14.833
Sants,2020-04-06,22.773
Sants,2020-04-07,20.167
Sants,2020-04-08,21.304
Sants,2020-04-09,19.391
Sants,2020-04-10,19.458
Sants,2020-04-11,17.083
Sants,2020-04-12,12.958
Sants,2020-04-13,7.957
Sants,2020-04-14,13.208
Sants,2020-04-15,16.043
Sants,2020-04-16,10.375
Sants,2020-04-17,15.609
Sants,2020-04-18,11.696
Sants,2020-04-19,8.913
Sants,2020-04-20,22.000
Sants,2020-04-21,16.312
Sants,2020-04-22,9.304
Sants,2020-04-23,13.083
Sants,2020-04-24,22.545
Sants,2020-04-25,16.000
Sants,2020-04-26,9.000
Sants,2020-04-27,11.875
Sants,2020-04-28,6.250
Sants,2020-04-29,8.458
Sants,2020-04-30,9.609
Sants,2020-05-01,7.000
Sants,2020-05-02,8.083
Sants,2020-05-03,14.667
Sants,2020-05-04,25.043
Sants,2020-05-05,23.917
Sants,2020-05-06,28.286
Sants,2020-05-07,16.250
Sants,2020-05-08,9.458
Sants,2020-05-09,7.125
Sants,2020-05-10,5.087
Sants,2020-05-11,9.042
Sants,2020-05-12,12.957
Sants,2020-05-13,9.565
Sants,2020-05-14,12.522
Sants,2020-05-15,12.000
Sants,2020-05-16,8.000
Sants,2020-05-17,5.542
Sants,2020-05-18,21.250
Sants,2020-05-19,20.783
Sants,2020-05-20,40.727
Sants,2020-05-21,29.913
Sants,2020-05-22,24.250
Sants,2020-05-23,12.375
Sants,2020-05-24,5.609
Sants,2020-05-25,16.043
Sants,2020-05-26,21.875
Sants,2020-05-27,15.958
Sants,2020-05-28,10.667
Sants,2020-05-29,15.167
Sants,2020-05-30,10.174
Sants,2020-05-31,7.250
Sants,2020-06-01,12.292
Sants,2020-06-02,16.304
Sants,2020-06-03,9.619
Sants,2020-06-04,12.739
Sants,2020-06-05,12.913
Sants,2020-06-06,14.870
Sants,2020-06-07,7.583
Sants,2020-06-08,10.583
Sants,2020-06-09,17.000
Sants,2020-06-10,14.783
Sants,2020-06-11,13.708
Sants,2020-06-12,11.958
Sants,2020-06-13,14.000
Sants,2020-06-14,9.174
Sants,2020-06-15,15.000
Sants,2020-06-16,21.625
Sants,2020-06-17,15.364
Sants,2020-06-18,15.739
Sants,2020-06-19,18.833
Sants,2020-06-20,13.875
Sants,2020-06-21,19.348
Sants,2020-06-22,31.375
Sants,2020-06-23,18.348
Sants,2020-06-24,10.833
Sants,2020-06-25,23.125
Sants,2020-06-26,35.500
Sants,2020-06-27,17.167
Sants,2020-06-28,10.250
Sants,2020-06-29,16.208
Sants,2020-06-30,15.652
Sants,2020-07-01,24.682
Sants,2020-07-02,14.125
Sants,2020-07-03,13.375
Sants,2020-07-04,10.261
Sants,2020-07-05,21.417
Sants,2020-07-06,33.167
Sants,2020-07-07,15.783
Sants,2020-07-08,22.750
Sants,2020-07-09,23.333
Sants,2020-07-10,32.042
Sants,2020-07-11,14.783
Sants,2020-07-12,9.957
Sants,2020-07-13,22.130
Sants,2020-07-14,15.000
Sants,2020-07-15,12.136
Sants,2020-07-16,12.217
Sants,2020-07-17,13.792
Sants,2020-07-18,14.333
Sants,2020-07-19,9.083
Sants,2020-07-20,16.304
Sants,2020-07-21,27.826
Sants,2020-07-22,27.043
Sants,2020-07-23,35.348
Sants,2020-07-24,30.957
Sants,2020-07-25,8.435
Sants,2020-07-26,9.208
Sants,2020-07-27,19.130
Sants,2020-07-28,22.696
Sants,2020-07-29,21.542
Sants,2020-07-30,40.476
Sants,2020-07-31,32.913
Sants,2020-08-01,28.375
Sants,2020-08-02,7.348
Sants,2020-08-03,11.500
Sants,2020-08-04,10.833
Sants,2020-08-05,15.125
Sants,2020-08-06,15.304
Sants,2020-08-10,29.958
Sants,2020-08-11,30.826
Sants,2020-08-12,14.391
Sants,2020-08-13,15.667
Sants,2020-08-14,15.043
Sants,2020-08-15,7.625
Sants,2020-08-16,7.250
Sants,2020-08-17,11.174
Sants,2020-08-18,14.375
Sants,2020-08-19,16.391
Sants,2020-08-20,19.652
Sants,2020-08-21,12.304
Sants,2020-08-22,11.458
Sants,2020-08-23,12.500
Sants,2020-08-24,11.417
Sants,2020-08-25,15.870
Sants,2020-08-26,13.083
Sants,2020-08-27,14.417
Sants,2020-08-28,13.909
Sants,2020-08-29,12.042
Sants,2020-08-30,9.833
Sants,2020-08-31,12.826
Sants,2020-09-01,27.208
Sants,2020-09-02,17.458
Sants,2020-09-03,24.130
Sants,2020-09-04,21.739
Sants,2020-09-05,15.125
Sants,2020-09-06,14.208
Sants,2020-09-07,12.833
Sants,2020-09-08,20.522
Sants,2020-09-09,30.435
Sants,2020-09-10,25.261
Sants,2020-09-11,17.478
Sants,2020-09-13,25.391
Sants,2020-09-14,55.650
Sants,2020-09-15,25.000
Sants,2020-09-16,32.261
Sants,2020-09-17,35.304
Sants,2020-09-18,43.913
Sants,2020-09-19,22.130
Sants,2020-09-20,9.130
Sants,2020-09-21,27.087
Sants,2020-09-22,22.478
Sants,2020-09-23,29.522
Sants,2020-09-24,22.000
Sants,2020-09-25,8.143
Sants,2020-09-26,7.478
Sants,2020-09-27,15.167
Sants,2020-09-28,18.542
Sants,2020-09-29,29.042
Sants,2020-09-30,31.042
Sants,2020-10-01,27.750
Sants,2020-10-02,26.435
Sants,2020-10-03,9.130
Sants,2020-10-04,10.391
Sants,2020-10-05,17.708
Sants,2020-10-06,29.292
Sants,2020-10-07,19.571
Sants,2020-10-08,22.875
Sants,2020-10-09,34.682
Sants,2020-10-10,29.435
Sants,2020-10-11,11.826
Sants,2020-10-12,12.087
Sants,2020-10-13,23.833
Sants,2020-10-14,20.619
Sants,2020-10-15,22.958
Sants,2020-10-16,23.727
Sants,2020-10-17,32.609
Sants,2020-10-18,34.391
Sants,2020-10-19,50.833
Sants,2020-10-20,38.565
Sants,2020-10-21,31.636
Sants,2020-10-22,45.391
Sants,2020-10-23,29.000
Sants,2020-10-24,16.783
Sants,2020-10-25,14.818
Sants,2020-10-26,13.429
Sants,2020-10-27,20.304
Sants,2020-10-28,31.391
Sants,2020-10-29,40.826
Sants,2020-10-30,41.833
Sants,2020-10-31,30.833
Sants,2020-11-01,23.348
Sants,2020-11-02,32.478
Sants,2020-11-03,24.826
Sants,2020-11-04,27.304
Sants,2020-11-05,22.696
Sants,2020-11-06,19.696
Sants,2020-11-07,15.957
Sants,2020-11-08,24.792
Sants,2020-11-09,46.565
Sants,2020-11-10,44.000
Sants,2020-11-11,32.130
Sants,2020-11-12,37.476
Sants,2020-11-13,48.250
Sants,2020-11-14,28.217
Sants,2020-11-15,20.826
Sants,2020-11-16,20.174
Sants,2020-11-17,34.522
Sants,2020-11-18,44.958
Sants,2020-11-19,37.913
Sants,2020-11-21,28.565
Sants,2020-11-22,36.174
Sants,2020-11-23,40.478
Sants,2020-11-24,47.174
Sants,2020-11-25,60.174
Sants,2020-11-26,33.652
Sants,2020-11-27,20.125
Vall Hebron,2020-01-01,36.958
Vall Hebron,2020-01-02,28.048
Vall Hebron,2020-01-03,31.783
Vall Hebron,2020-01-04,32.217
Vall Hebron,2020-01-05,30.583
Vall Hebron,2020-01-06,34.000
Vall Hebron,2020-01-07,41.739
Vall Hebron,2020-01-08,52.391
Vall Hebron,2020-01-09,41.565
Vall Hebron,2020-01-10,37.000
Vall Hebron,2020-01-11,24.696
Vall Hebron,2020-01-12,30.739
Vall Hebron,2020-01-13,40.267
Vall Hebron,2020-01-14,28.000
Vall Hebron,2020-01-15,17.818
Vall Hebron,2020-01-16,43.200
Vall Hebron,2020-01-17,24.348
Vall Hebron,2020-01-18,25.333
Vall Hebron,2020-01-19,9.708
Vall Hebron,2020-01-20,6.304
Vall Hebron,2020-01-21,7.913
Vall Hebron,2020-01-22,14.130
Vall Hebron,2020-01-23,27.174
Vall Hebron,2020-01-24,41.348
Vall Hebron,2020-01-27,21.130
Vall Hebron,2020-01-28,13.913
Vall Hebron,2020-01-29,43.864
Vall Hebron,2020-01-30,31.333
Vall Hebron,2020-01-31,30.696
Vall Hebron,2020-02-01,33.917
Vall Hebron,2020-02-02,17.708
Vall Hebron,2020-02-03,28.826
Vall Hebron,2020-02-04,17.696
Vall Hebron,2020-02-05,25.417
Vall Hebron,2020-02-06,39.913
Vall Hebron,2020-02-07,47.500
Vall Hebron,2020-02-08,42.375
Vall Hebron,2020-02-09,22.792
Vall Hebron,2020-02-10,25.208
Vall Hebron,2020-02-11,25.130
Vall Hebron,2020-02-12,21.143
Vall Hebron,2020-02-13,33.522
Vall Hebron,2020-02-14,36.522
Vall Hebron,2020-02-15,28.708
Vall Hebron,2020-02-16,16.391
Vall Hebron,2020-02-17,31.708
Vall Hebron,2020-02-18,31.043
Vall Hebron,2020-02-19,35.739
Vall Hebron,2020-02-20,43.625
Vall Hebron,2020-02-21,39.750
Vall Hebron,2020-02-22,35.913
Vall Hebron,2020-02-23,41.708
Vall Hebron,2020-02-24,51.652
Vall Hebron,2020-02-25,31.111
Vall Hebron,2020-02-26,18.042
Vall Hebron,2020-02-27,14.304
Vall Hebron,2020-02-28,25.913
Vall Hebron,2020-02-29,19.565
Vall Hebron,2020-03-01,12.304
Vall Hebron,2020-03-02,10.739
Vall Hebron,2020-03-03,16.174
Vall Hebron,2020-03-04,34.522
Vall Hebron,2020-03-05,27.913
Vall Hebron,2020-03-06,13.043
Vall Hebron,2020-03-07,15.261
Vall Hebron,2020-03-08,25.292
Vall Hebron,2020-03-09,21.522
Vall Hebron,2020-03-10,31.143
Vall Hebron,2020-03-11,48.087
Vall Hebron,2020-03-12,61.870
Vall Hebron,2020-03-13,45.957
Vall Hebron,2020-03-14,27.870
Vall Hebron,2020-03-15,18.000
Vall Hebron,2020-03-16,8.913
Vall Hebron,2020-03-17,18.000
Vall Hebron,2020-03-18,29.522
Vall Hebron,2020-03-19,29.913
Vall Hebron,2020-03-20,17.000
Vall Hebron,2020-03-21,8.958
Vall Hebron,2020-03-22,5.043
Vall Hebron,2020-03-23,10.652
Vall Hebron,2020-03-24,6.708
Vall Hebron,2020-03-25,15.917
Vall Hebron,2020-03-26,11.958
Vall Hebron,2020-03-27,15.917
Vall Hebron,2020-03-28,11.522
Vall Hebron,2020-03-29,14.522
Vall Hebron,2020-03-30,12.478
Vall Hebron,2020-03-31,14.522
Vall Hebron,2020-04-01,7.417
Vall Hebron,2020-04-02,7.542
Vall Hebron,2020-04-03,18.091
Vall Hebron,2020-04-04,18.087
Vall Hebron,2020-04-05,20.625
Vall Hebron,2020-04-06,27.792
Vall Hebron,2020-04-07,25.417
Vall Hebron,2020-04-08,27.957
Vall Hebron,2020-04-09,31.478
Vall Hebron,2020-04-10,24.375
Vall Hebron,2020-04-11,25.750
Vall Hebron,2020-04-12,18.500
Vall Hebron,2020-04-13,6.000
Vall Hebron,2020-04-14,18.417
Vall Hebron,2020-05-08,9.708
Vall Hebron,2020-05-09,7.167
Vall Hebron,2020-05-10,3.739
Vall Hebron,2020-05-11,7.958
Vall Hebron,2020-05-12,14.043
Vall Hebron,2020-05-13,8.783
Vall Hebron,2020-05-14,14.174
Vall Hebron,2020-05-15,8.750
Vall Hebron,2020-05-16,7.542
Vall Hebron,2020-05-17,6.167
Vall Hebron,2020-05-18,16.125
Vall Hebron,2020-05-19,15.857
Vall Hebron,2020-05-20,22.913
Vall Hebron,2020-05-21,25.870
Vall Hebron,2020-05-22,25.125
Vall Hebron,2020-05-23,11.500
Vall Hebron,2020-05-24,5.739
Vall Hebron,2020-05-25,13.609
Vall Hebron,2020-05-26,21.000
Vall Hebron,2020-05-27,13.875
Vall Hebron,2020-05-28,10.208
Vall Hebron,2020-05-29,18.292
Vall Hebron,2020-05-30,9.130
Vall Hebron,2020-05-31,7.292
Vall Hebron,2020-06-01,12.208
Vall Hebron,2020-06-02,17.217
Vall Hebron,2020-06-03,11.174
Vall Hebron,2020-06-04,12.471
Vall Hebron,2020-06-05,14.391
Vall Hebron,2020-06-06,12.783
Vall Hebron,2020-06-07,7.625
Vall Hebron,2020-06-08,13.667
Vall Hebron,2020-06-09,17.792
Vall Hebron,2020-06-10,15.826
Vall Hebron,2020-06-11,16.000
Vall Hebron,2020-06-12,10.375
Vall Hebron,2020-06-13,12.087
Vall Hebron,2020-06-14,17.087
Vall Hebron,2020-06-15,16.750
Vall Hebron,2020-06-16,21.708
Vall Hebron,2020-06-17,14.375
Vall Hebron,2020-06-18,15.435
Vall Hebron,2020-06-19,19.524
Vall Hebron,2020-06-20,14.958
Vall Hebron,2020-06-21,14.391
Vall Hebron,2020-06-22,29.583
Vall Hebron,2020-06-23,13.130
Vall Hebron,2020-06-24,18.375
Vall Hebron,2020-06-25,27.167
Vall Hebron,2020-06-26,33.417
Vall Hebron,2020-06-27,17.250
Vall Hebron,2020-06-28,8.375
Vall Hebron,2020-06-29,15.333
Vall Hebron,2020-06-30,16.348
Vall Hebron,2020-07-01,25.083
Vall Hebron,2020-07-02,14.400
Vall Hebron,2020-07-03,11.292
Vall Hebron,2020-07-04,10.304
Vall Hebron,2020-07-05,18.750
Vall Hebron,2020-07-06,24.000
Vall Hebron,2020-07-07,12.870
Vall Hebron,2020-07-08,21.542
Vall Hebron,2020-07-09,25.375
Vall Hebron,2020-07-10,33.083
Vall Hebron,2020-07-11,19.652
Vall Hebron,2020-07-12,10.913
Vall Hebron,2020-07-13,22.105
Vall Hebron,2020-07-14,12.217
Vall Hebron,2020-07-15,13.955
Vall Hebron,2020-07-16,10.435
Vall Hebron,2020-07-17,13.583
Vall Hebron,2020-07-18,15.958
Vall Hebron,2020-07-19,7.625
Vall Hebron,2020-07-20,19.522
Vall Hebron,2020-07-21,28.000
Vall Hebron,2020-07-22,26.391
Vall Hebron,2020-07-23,28.261
Vall Hebron,2020-07-24,23.087
Vall Hebron,2020-07-25,15.478
Vall Hebron,2020-07-26,10.917
Vall Hebron,2020-07-27,24.250
Vall Hebron,2020-07-28,28.174
Vall Hebron,2020-07-29,18.375
Vall Hebron,2020-07-30,38.174
Vall Hebron,2020-07-31,34.739
Vall Hebron,2020-08-01,31.708
Vall Hebron,2020-08-02,5.913
Vall Hebron,2020-08-03,9.958
Vall Hebron,2020-08-04,10.083
Vall Hebron,2020-08-05,12.833
Vall Hebron,2020-08-06,15.565
Vall Hebron,2020-08-10,30.542
Vall Hebron,2020-08-11,27.000
Vall Hebron,2020-08-12,15.913
Vall Hebron,2020-08-13,19.050
Vall Hebron,2020-08-14,14.652
Vall Hebron,2020-08-15,14.417
Vall Hebron,2020-08-16,12.208
Vall Hebron,2020-08-17,14.870
Vall Hebron,2020-08-18,17.667
Vall Hebron,2020-08-19,15.500
Vall Hebron,2020-08-20,24.043
Vall Hebron,2020-08-21,11.130
Vall Hebron,2020-08-22,10.208
Vall Hebron,2020-08-23,17.958
Vall Hebron,2020-08-24,14.208
Vall Hebron,2020-08-25,15.348
Vall Hebron,2020-08-26,23.042
Vall Hebron,2020-08-27,27.750
Vall Hebron,2020-08-28,23.696
Vall Hebron,2020-08-29,14.083
Vall Hebron,2020-08-30,11.333
Vall Hebron,2020-08-31,15.304
Vall Hebron,2020-09-01,21.833
Vall Hebron,2020-09-02,22.875
Vall Hebron,2020-09-03,28.174
Vall Hebron,2020-09-04,21.174
Vall Hebron,2020-09-05,20.708
Vall Hebron,2020-09-06,11.167
Vall Hebron,2020-09-07,15.917
Vall Hebron,2020-09-08,19.478
Vall Hebron,2020-09-09,24.810
Vall Hebron,2020-09-10,23.391
Vall Hebron,2020-09-11,12.304
Vall Hebron,2020-09-13,16.043
Vall Hebron,2020-09-14,41.391
Vall Hebron,2020-09-15,27.652
Vall Hebron,2020-09-16,35.652
Vall Hebron,2020-09-17,42.696
Vall Hebron,2020-09-18,46.478
Vall Hebron,2020-09-19,21.174
Vall Hebron,2020-09-20,13.391
Vall Hebron,2020-09-21,28.565
Vall Hebron,2020-09-22,24.217
Vall Hebron,2020-09-23,25.524
Vall Hebron,2020-09-24,15.304
Vall Hebron,2020-09-25,8.609
Vall Hebron,2020-09-26,8.826
Vall Hebron,2020-09-27,19.292
Vall Hebron,2020-09-28,25.583
Vall Hebron,2020-09-29,33.167
Vall Hebron,2020-09-30,31.875
Vall Hebron,2020-10-01,21.708
Vall Hebron,2020-10-02,18.391
Vall Hebron,2020-10-03,9.565
Vall Hebron,2020-10-04,13.304
Vall Hebron,2020-10-05,26.208
Vall Hebron,2020-10-06,32.208
Vall Hebron,2020-10-07,16.048
Vall Hebron,2020-10-08,28.250
Vall Hebron,2020-10-09,32.217
Vall Hebron,2020-10-10,25.870
Vall Hebron,2020-10-11,17.435
Vall Hebron,2020-10-12,15.652
Vall Hebron,2020-10-13,21.750
Vall Hebron,2020-10-14,19.667
Vall Hebron,2020-10-15,21.875
Vall Hebron,2020-10-16,23.957
Vall Hebron,2020-10-17,29.783
Vall Hebron,2020-10-18,22.696
Vall Hebron,2020-10-19,40.167
Vall Hebron,2020-10-20,28.870
Vall Hebron,2020-10-21,32.636
Vall Hebron,2020-10-22,39.739
Vall Hebron,2020-10-23,17.957
Vall Hebron,2020-10-24,12.870
Vall Hebron,2020-10-25,14.273
Vall Hebron,2020-10-26,11.565
Vall Hebron,2020-10-27,17.737
Vall Hebron,2020-10-28,31.696
Vall Hebron,2020-10-29,34.565
Vall Hebron,2020-10-30,37.542
Vall Hebron,2020-10-31,29.042
Vall Hebron,2020-11-01,23.826
Vall Hebron,2020-11-02,36.130
Vall Hebron,2020-11-03,24.000
Vall Hebron,2020-11-04,24.217
Vall Hebron,2020-11-05,19.783
Vall Hebron,2020-11-06,17.696
Vall Hebron,2020-11-07,13.435
Vall Hebron,2020-11-08,19.958
Vall Hebron,2020-11-09,48.217
Vall Hebron,2020-11-10,34.957
Vall Hebron,2020-11-11,23.696
Vall Hebron,2020-11-12,30.609
Vall Hebron,2020-11-13,47.958
Vall Hebron,2020-11-14,29.261
Vall Hebron,2020-11-15,14.870
Vall Hebron,2020-11-16,20.118
Vall Hebron,2020-11-17,34.913
Vall Hebron,2020-11-18,46.458
Vall Hebron,2020-11-19,32.130
Vall Hebron,2020-11-21,31.522
Vall Hebron,2020-11-22,26.130
Vall Hebron,2020-11-23,29.739
Vall Hebron,2020-11-24,32.050
Vall Hebron,2020-11-25,51.696
Vall Hebron,2020-11-26,27.174
Vall Hebron,2020-11-27,16.708
